name,base,level3,level6
Baby Daisy,,,Choco Island 2R/T
Baby Luigi,,,Waluigi Pinball R/T
Baby Mario,,,Vanilla Lake 1R/T
Baby Peach,,,3DS Rainbow Road
Baby Peach (Cherub),,DK Pass T,
Baby Peach (Cherub),,,Frappe Snowland T
Baby Peach (Cherub),,SNES Rainbow Road R/T,
Baby Peach (Cherub),,,Choco Island 1
Baby Rosalina,,,Choco Island 2R/T
Baby Rosalina (Detective),,,Luigi's Mansion T
Baby Rosalina (Detective),,Daisy Hills,
Baby Rosalina (Detective),,RMX Mario Circuit 1R/T,
Baby Rosalina (Detective),,,RMX Choco Island 1R
Birdo,,,Waluigi Pinball T
Birdo,,Ghost Valley 1R/T,
Birdo (Black),,,Yoshi Circuit
Birdo (Black),,Sunset Wilds R,
Birdo (Black),,Waluigi Pinball R,
Birdo (Black),,,Airship Fortress
Birdo (Light Blue),,Koopa Troopa Beach R/T,
Birdo (Light Blue),,,Donut Plains 1R/T
Birdo (Yellow),,Choco Island 2T,
Birdo (Yellow),,,Waluigi Pinball R/T
Black Shy Guy,,,Choco Island 2
Black Shy Guy,,Luigi's Mansion R/T,
Black Yoshi,,Yoshi Circuit,
Black Yoshi,,Daisy Hills R,
Black Yoshi,,,Ghost Valley 1
Black Yoshi,,,Choco Mountain
Blue Yoshi,,Yoshi Circuit T,
Blue Yoshi,,,Sunset Wilds T
Boomerang Bro,,Kalimari Desert T,
Boomerang Bro,,,Kalimari Desert R
Bowser,,,Bowser's Castle 1R
Bowser,,Kalimari Desert R/T,
Bowser (Santa),,,Merry Mountain R
Bowser (Santa),,3DS Rainbow Road T,
Bowser (Santa),,,Shy Guy Bazaar R/T
Bowser (Santa),,Dino Dino Jungle R/T,
Bowser Jr.,,Bowser's Castle 1T,
Bowser Jr.,,,Mario Circuit 2T
Bowser Jr. (Pirate),,,Frappe Snowland T
Bowser Jr. (Pirate),,Neo Bowser City,
Bowser Jr. (Pirate),,Koopa Troopa Beach 2R,
Bowser Jr. (Pirate),,,RMX Rainbow Road 1
Builder Luigi,,,Luigi's Mansion R/T
Builder Luigi,,,Ghost Valley 1R/T
Builder Luigi,,Vanilla Lake 1R/T,
Builder Luigi,,Yoshi Circuit R/T,
Builder Mario,,Daisy Hills R/T,
Builder Mario,,Daisy Hills T,
Builder Mario,,,Toad Circuit T
Builder Mario,,,Choco Island 1T
Builder Toad,,Shy Guy Bazaar R/T,
Builder Toad,,,Waluigi Pinball T
Builder Toad,,,RMX Choco Island 1
Builder Toad,,RMX Choco Island 1T,
Captain Toad,,Cheep Cheep Lagoon R/T,
Captain Toad,,,Kalimari Desert 2
Captain Toad,,Bowser's Castle 1R,
Captain Toad,,,Airship Fortress
Cat Peach,,Royal Raceway R,
Cat Peach,,,Donut Plains 2T
Cat Peach,,,Merry Mountain T
Cat Peach,,Maple Treeway T,
Cat Toad,,Shy Guy Bazaar R,
Cat Toad,,,Donut Plains 2
Cat Toad,,Paris Promenade 2,
Cat Toad,,,Merry Mountain
Daisy,,,Shy Guy Bazaar T
Daisy,,Shy Guy Bazaar R/T,
Daisy (Fairy),,,RMX Choco Island 1R
Daisy (Fairy),,Daisy Hills R,
Daisy (Fairy),,Koopa Troopa Beach R/T,
Daisy (Fairy),,,Yoshi Circuit R
Daisy (Holiday Cheer),,Choco Island 2R,
Daisy (Holiday Cheer),,,Luigi's Mansion R
Daisy (Holiday Cheer),,Daisy Hills T,
Daisy (Holiday Cheer),,,RMX Mario Circuit 1T
Daisy (Yukata),,,Koopa Troopa Beach 2
Daisy (Yukata),,Koopa Troopa Beach 2R,
Daisy (Yukata),,Shy Guy Bazaar,
Daisy (Yukata),,,Kalimari Desert R
Diddy Kong,,,Koopa Troopa Beach R
Diddy Kong,,Neo Bowser City R/T,
Dixie Kong,,Choco Island 2R/T,
Dixie Kong,,,Choco Island 1
Dixie Kong,,Royal Raceway,
Dixie Kong,,,Kalimari Desert 2
Donkey Kong,,Vanilla Lake 1R/T,
Donkey Kong,,,RMX Rainbow Road 1T
Donkey Kong Jr. (SNES),,,RMX Rainbow Road 1R
Donkey Kong Jr. (SNES),,Donut Plains 1,
Donkey Kong Jr. (SNES),,Donut Plains 1R,
Donkey Kong Jr. (SNES),,,Waluigi Pinball R
Dry Bones,,,Bowser's Castle 1
Dry Bones (Gold),,Bowser's Castle 2R,
Dry Bones (Gold),,SNES Rainbow Road,
Dry Bones (Gold),,,Ghost Valley 1
Dry Bones (Gold),,,Kalimari Desert 2R
Dry Bowser,,DK Pass R/T,
Dry Bowser,,,Rock Rock Mountain T
Dry Bowser,,,RMX Mario Circuit 1T
Dry Bowser,,Bowser's Castle 2T,
Dry Bowser (Gold),,Kalimari Desert T,
Dry Bowser (Gold),,,Neo Bowser City R
Dry Bowser (Gold),,Waluigi Pinball,
Dry Bowser (Gold),,,RMX Rainbow Road 1
Fire Bro,,,Donut Plains 1R
Fire Bro,,Dino Dino Jungle T,
Fire Rosalina,,Rosalina's Ice World R,
Fire Rosalina,,,SNES Rainbow Road R
Fire Rosalina,,,Bowser's Castle 2
Fire Rosalina,,Merry Mountain,
Funky Kong,,Bowser's Castle 2T,
Funky Kong,,,Cheep Cheep Lagoon
Funky Kong,,Waluigi Pinball R/T,
Funky Kong,,,Royal Raceway T
Gold Koopa (Freerunning),,,Cheep Cheep Lagoon T
Gold Koopa (Freerunning),,,Dino Dino Jungle
Gold Koopa (Freerunning),,Toad Circuit R/T,
Gold Koopa (Freerunning),,Koopa Troopa Beach T,
Hammer Bro,,,Koopa Troopa Beach
Hammer Bro,,Dino Dino Jungle R/T,
Ice Bro,,Koopa Troopa Beach T,
Ice Bro,,,Mario Circuit 3R
Ice Mario,,,Vanilla Lake 1T
Ice Mario,,,RMX Mario Circuit 1
Ice Mario,,Mario Circuit R/T,
Ice Mario,,Koopa Troopa Beach 2R,
Iggy,,,Bowser's Castle 1T
King Bob-omb,,Toad Circuit T,
King Bob-omb,,Ghost Valley 1R,
King Bob-omb,,,Choco Mountain R
King Bob-omb,,,RMX Choco Island 1R
King Boo,,Choco Island 2T,
King Boo,,,Bowser's Castle 2
King Boo (Gold),,,SNES Rainbow Road T
King Boo (Gold),,,Maple Treeway
King Boo (Gold),,Airship Fortress,
King Boo (Gold),,Airship Fortress R,
King Boo (Luigi's Mansion),,Luigi's Mansion R,
King Boo (Luigi's Mansion),,,DK Pass T
King Boo (Luigi's Mansion),,,Rock Rock Mountain R
King Boo (Luigi's Mansion),,Bowser's Castle 2,
Koopa Troopa,,,Mario Circuit T
Lakitu,,,Mario Circuit 2
Lakitu,,Bowser's Castle 2R/T,
Lakitu (Party Time),,RMX Rainbow Road 2R,
Lakitu (Party Time),,,Kalimari Desert
Lakitu (Party Time),,RMX Rainbow Road 1T,
Lakitu (Party Time),,,Rosalina's Ice World R
Larry,,,Cheep Cheep Lagoon R/T
Lemmy,,,3DS Rainbow Road T
Ludwig,,,Yoshi Circuit R/T
Luigi,,Luigi's Mansion R/T,
Luigi,,,Waluigi Pinball R
Luigi (Classic),,,Toad Circuit R
Luigi (Classic),,Mario Circuit 1T,
Luigi (Classic),,Frappe Snowland R,
Luigi (Classic),,,Vanilla Lake 1R
Luigi (Lederhosen),,,Mario Circuit 1
Luigi (Lederhosen),,,Waluigi Pinball
Luigi (Lederhosen),,Waluigi Pinball T,
Luigi (Lederhosen),,Airship Fortress T,
Mario,,Yoshi Circuit R/T,
Mario,,,Koopa Troopa Beach R
Mario (Chef),,,Choco Island 1T
Mario (Chef),,Donut Plains 1T,
Mario (Chef),,Mario Circuit 2,
Mario (Chef),,,Mario Circuit 3
Mario (Classic),,,Mario Circuit 3
Mario (Classic),,,Donut Plains 1T
Mario (Classic),,Mario Circuit 2R,
Mario (Classic),,Vanilla Lake 1,
Mario (Hakama),,,Mario Circuit 1R
Mario (Hakama),,Waluigi Pinball,
Mario (Hakama),,,Ghost Valley 1T
Mario (Hakama),,SNES Rainbow Road T,
Mario (Halloween),,,3DS Rainbow Road R/T
Mario (Halloween),,,Maple Treeway T
Mario (Halloween),,Kalimari Desert,
Mario (Halloween),,Frappe Snowland,
Mario (Happi),,,Cheep Cheep Lagoon
Mario (Happi),,Rock Rock Mountain,
Mario (Happi),,Ghost Valley 1R/T,
Mario (Happi),,,Royal Raceway R
Mario (Musician),,,Luigi's Mansion
Mario (Musician),,Mario Circuit 3R,
Mario (Musician),,,Neo Bowser City T
Mario (Musician),,Neo Bowser City R/T,
Mario (Racing),,,Mario Circuit 1
Mario (Racing),,Toad Circuit R,
Mario (Racing),,RMX Mario Circuit 1T,
Mario (Racing),,,Tokyo Blur 4R/T
Mario (Santa),,,Choco Island 2
Mario (Santa),,Mario Circuit 3R,
Mario (Santa),,,DK Pass R
Mario (Santa),,DK Pass R/T,
Mario (SNES),,,RMX Rainbow Road 1T
Mario (SNES),,Mario Circuit 1,
Mario (SNES),,,Vanilla Lake 1T
Mario (SNES),,Yoshi Circuit R,
Mario (Sunshine),,,Cheep Cheep Lagoon R/T
Mario (Sunshine),,Kalimari Desert 2T,
Mario (Sunshine),,Choco Mountain T,
Mario (Sunshine),,,SNES Rainbow Road R
Mario (Swimwear),,Cheep Cheep Lagoon R,
Mario (Swimwear),,,Airship Fortress T
Mario (Swimwear),,,Airship Fortress R
Mario (Swimwear),,Mario Circuit 1T,
Metal Mario,,,Waluigi Pinball
Metal Mario,,,Vanilla Lake 1R
Metal Mario,,Toad Circuit,
Metal Mario,,SNES Rainbow Road R,
Monty Mole,,,Toad Circuit R
Monty Mole,,Koopa Troopa Beach R/T,
Morton,,,Dino Dino Jungle R/T
Nabbit,,Toad Circuit T,
Nabbit,,,Choco Mountain
Nabbit,,,Airship Fortress T
Nabbit,,Luigi's Mansion T,
Pauline,,,Shy Guy Bazaar R
Pauline,,Neo Bowser City R/T,
Pauline,,SNES Rainbow Road R/T,
Pauline,,,Choco Island 1R
Pauline (Party Time),,DK Pass R,
Pauline (Party Time),,Bowser's Castle 1R/T,
Pauline (Party Time),,,Royal Raceway T
Pauline (Party Time),,,Kalimari Desert 2R
Pauline (Rose),,Choco Island 1,
Pauline (Rose),,,Donut Plains 2
Pauline (Rose),,,RMX Choco Island 2
Pauline (Rose),,Maple Treeway R,
Peach,,Frappe Snowland R/T,
Peach,,,Mario Circuit R
Peach (Explorer),,Kalimari Desert 2R,
Peach (Explorer),,,Dino Dino Jungle
Peach (Explorer),,Dino Dino Jungle T,
Peach (Explorer),,,Sunset Wilds T
Peach (Halloween),,,Luigi's Mansion R
Peach (Halloween),,,Frappe Snowland R
Peach (Halloween),,3DS Rainbow Road R/T,
Peach (Halloween),,Maple Treeway R,
Peach (Kimono),,Mario Circuit 1,
Peach (Kimono),,Mario Circuit R,
Peach (Kimono),,,SNES Rainbow Road
Peach (Kimono),,,Royal Raceway
Peach (Vacation),,Cheep Cheep Lagoon R,
Peach (Vacation),,Yoshi Circuit R/T,
Peach (Vacation),,,3DS Rainbow Road R
Peach (Vacation),,,Mario Circuit
Peach (Wedding),,,Shy Guy Bazaar R
Peach (Wedding),,,Koopa Troopa Beach 2
Peach (Wedding),,Toad Circuit,
Peach (Wedding),,Daisy Hills,
Peach (Wintertime),,Choco Island 2R,
Peach (Wintertime),,,RMX Mario Circuit 1
Peach (Wintertime),,,RMX Choco Island 1
Peach (Wintertime),,RMX Choco Island 1T,
Peachette,,Yoshi Circuit T,
Peachette,,,Luigi's Mansion
Peachette,,3DS Rainbow Road T,
Peachette,,,Donut Plains 1
Penguin Luigi,,Luigi's Mansion R,
Penguin Luigi,,,Rock Rock Mountain
Penguin Luigi,,3DS Rainbow Road R/T,
Penguin Luigi,,,Koopa Troopa Beach 2T
Penguin Toad,,,DK Summit R
Penguin Toad,,Frappe Snowland T,
Penguin Toad,,Vanilla Lake 1R,
Penguin Toad,,,Rosalina's Ice World
Pink Gold Peach,,Mario Circuit 3T,
Pink Gold Peach,,Mario Circuit,
Pink Gold Peach,,,Royal Raceway
Pink Gold Peach,,,Royal Raceway R
Pink Shy Guy,,,Mario Circuit 2R/T
Pink Shy Guy,,Cheep Cheep Lagoon R/T,
Red Koopa (Freerunning),,,Yoshi Circuit T
Red Koopa (Freerunning),,Mario Circuit 3R/T,
Red Yoshi,,,Mario Circuit 2R/T
Red Yoshi,,Donut Plains 1R,
Rosalina,,,Mario Circuit 3T
Rosalina,,SNES Rainbow Road R,
Rosalina (Aurora),,,DK Pass
Rosalina (Aurora),,Frappe Snowland R/T,
Rosalina (Aurora),,Frappe Snowland,
Rosalina (Aurora),,,RMX Rainbow Road 1R
Rosalina (Halloween),,,Frappe Snowland T
Rosalina (Halloween),,Neo Bowser City,
Rosalina (Halloween),,,Ghost Valley 1R
Rosalina (Halloween),,SNES Rainbow Road T,
Rosalina (Swimwear),,3DS Rainbow Road,
Rosalina (Swimwear),,,Choco Mountain T
Rosalina (Swimwear),,Mario Circuit R/T,
Rosalina (Swimwear),,,RMX Mario Circuit 1R
Roy,,,Bowser's Castle 1R/T
Shy Guy,,,Daisy Hills R/T
Shy Guy (Gold),,3DS Rainbow Road R,
Shy Guy (Gold),,Choco Island 1R,
Shy Guy (Gold),,,Shy Guy Bazaar
Shy Guy (Gold),,,Maple Treeway
Shy Guy (Pastry Chef),,Choco Island 2R,
Shy Guy (Pastry Chef),,,Rock Rock Mountain T
Shy Guy (Pastry Chef),,Kalimari Desert R/T,
Shy Guy (Pastry Chef),,,Choco Mountain
Toad,,Mario Circuit 1T,
Toad,,,Koopa Troopa Beach
Toad (Party Time),,DK Pass R/T,
Toad (Party Time),,,Mario Circuit 2
Toad (Party Time),,Mario Circuit 1R/T,
Toad (Party Time),,,Kalimari Desert 2T
Toad (Pit Crew),,Mario Circuit 3R/T,
Toad (Pit Crew),,,RMX Mario Circuit 1R/T
Toadette,,Toad Circuit R/T,
Toadette,,,Mario Circuit T
Toadette (Explorer),,,Choco Mountain R
Toadette (Explorer),,Dino Dino Jungle,
Toadette (Explorer),,,Kalimari Desert 2
Toadette (Explorer),,3DS Rainbow Road R/T,
Waluigi,,Waluigi Pinball R,
Waluigi,,,Kalimari Desert
Waluigi (Bus Driver),,Mario Circuit 1R/T,
Waluigi (Bus Driver),,,Luigi's Mansion
Waluigi (Bus Driver),,,Kalimari Desert R
Waluigi (Bus Driver),,Mario Circuit T,
Wario,,Luigi's Mansion R/T,
Wario,,,Bowser's Castle 2R/T
Wario (Cowboy),,Dino Dino Jungle,
Wario (Cowboy),,,Kalimari Desert 2R
Wario (Cowboy),,,Airship Fortress R
Wario (Cowboy),,Luigi's Mansion T,
Wario (Hiker),,,DK Pass
Wario (Hiker),,,RMX Mario Circuit 1R
Wario (Hiker),,Vanilla Lake 1,
Wario (Hiker),,Bowser's Castle 1,
Wendy,,,Bowser's Castle 2R
White Yoshi,,,Toad Circuit
White Yoshi,,Yoshi Circuit T,
White Yoshi,,RMX Mario Circuit 1R,
White Yoshi,,,Donut Plains 2R/T
Yoshi,,,Dino Dino Jungle R
Yoshi,,Frappe Snowland R/T,
Yoshi (Egg Hunt),,,Donut Plains 1R/T
Yoshi (Egg Hunt),,Dino Dino Jungle T,
Yoshi (Egg Hunt),,,Cheep Cheep Lagoon T
Yoshi (Egg Hunt),,Mario Circuit 2T,
Yoshi (Reindeer),,Dino Dino Jungle R/T,
Yoshi (Reindeer),,Shy Guy Bazaar T,
Yoshi (Reindeer),,,Frappe Snowland
Yoshi (Reindeer),,,Frappe Snowland R
Birdo (Light Blue),3DS Rainbow Road,,
Daisy (Fairy),3DS Rainbow Road,,
Fire Rosalina,3DS Rainbow Road,,
King Boo (Gold),3DS Rainbow Road,,
Lemmy,3DS Rainbow Road,,
Mario (Happi),3DS Rainbow Road,,
Rosalina (Aurora),3DS Rainbow Road,,
Dry Bowser (Gold),3DS Rainbow Road R,,
Ice Mario,3DS Rainbow Road R,,
Lakitu (Party Time),3DS Rainbow Road R,,
Pauline (Party Time),3DS Rainbow Road R,,
Pauline (Rose),3DS Rainbow Road R,,
Rosalina (Aurora),3DS Rainbow Road R,,
Waluigi,3DS Rainbow Road R,,
Dry Bones (Gold),3DS Rainbow Road R/T,,
Gold Koopa (Freerunning),3DS Rainbow Road R/T,,
Ice Mario,3DS Rainbow Road R/T,,
Pauline (Rose),3DS Rainbow Road R/T,,
Pink Gold Peach,3DS Rainbow Road R/T,,
Rosalina (Aurora),3DS Rainbow Road R/T,,
Birdo,3DS Rainbow Road T,,
Bowser,3DS Rainbow Road T,,
Dry Bowser (Gold),3DS Rainbow Road T,,
Ice Mario,3DS Rainbow Road T,,
Pink Gold Peach,3DS Rainbow Road T,,
Shy Guy (Gold),3DS Rainbow Road T,,
Bowser Jr. (Pirate),DS Airship Fortress,,
Cat Peach,DS Airship Fortress,,
Daisy (Yukata),DS Airship Fortress,,
Dry Bowser (Gold),DS Airship Fortress,,
Luigi (Lederhosen),DS Airship Fortress,,
Mario (Swimwear),DS Airship Fortress,,
Peach (Halloween),DS Airship Fortress,,
Shy Guy (Gold),DS Airship Fortress,,
Birdo (Black),DS Airship Fortress R,,
Bowser Jr. (Pirate),DS Airship Fortress R,,
Dry Bowser (Gold),DS Airship Fortress R,,
Fire Bro,DS Airship Fortress R,,
Fire Rosalina,DS Airship Fortress R,,
King Bob-omb,DS Airship Fortress R,,
Builder Luigi,DS Airship Fortress T,,
Fire Rosalina,DS Airship Fortress T,,
Hammer Bro,DS Airship Fortress T,,
King Bob-omb,DS Airship Fortress T,,
King Boo (Luigi's Mansion),DS Airship Fortress T,,
Shy Guy (Gold),DS Airship Fortress T,,
Wario (Cowboy),DS Airship Fortress T,,
King Bob-omb,Berlin Byways 2,,
Luigi (Lederhosen),Berlin Byways 2,,
Peach (Halloween),Berlin Byways 2,,
Shy Guy (Pastry Chef),Berlin Byways 2,,
Baby Rosalina (Detective),Berlin Byways 2R,,
Lakitu (Party Time),Berlin Byways 2R,,
Penguin Luigi,Berlin Byways 2R,,
Rosalina (Aurora),Berlin Byways 2R,,
Shy Guy (Gold),Berlin Byways 2R,,
Shy Guy (Pastry Chef),Berlin Byways 2R,,
Baby Rosalina (Detective),Berlin Byways 2R/T,,
Donkey Kong Jr. (SNES),Berlin Byways 2R/T,,
King Bob-omb,Berlin Byways 2R/T,,
Luigi (Lederhosen),Berlin Byways 2R/T,,
Toad (Party Time),Berlin Byways 2R/T,,
Waluigi (Bus Driver),Berlin Byways 2R/T,,
Builder Luigi,Berlin Byways 2T,,
Mario (SNES),Berlin Byways 2T,,
Peach (Wedding),Berlin Byways 2T,,
Penguin Luigi,Berlin Byways 2T,,
Bowser,GBA Bowser's Castle 1,,
Captain Toad,GBA Bowser's Castle 1,,
Dry Bones (Gold),GBA Bowser's Castle 1,,
King Boo (Luigi's Mansion),GBA Bowser's Castle 1,,
Ludwig,GBA Bowser's Castle 1,,
Bowser Jr.,GBA Bowser's Castle 1R,,
Dry Bones (Gold),GBA Bowser's Castle 1R,,
Dry Bowser,GBA Bowser's Castle 1R,,
Fire Bro,GBA Bowser's Castle 1R,,
Bowser Jr. (Pirate),GBA Bowser's Castle 1R/T,,
Dry Bones (Gold),GBA Bowser's Castle 1R/T,,
Dry Bowser,GBA Bowser's Castle 1R/T,,
Fire Bro,GBA Bowser's Castle 1R/T,,
Hammer Bro,GBA Bowser's Castle 1R/T,,
Shy Guy (Gold),GBA Bowser's Castle 1R/T,,
Waluigi,GBA Bowser's Castle 1R/T,,
Bowser,GBA Bowser's Castle 1T,,
Builder Mario,GBA Bowser's Castle 1T,,
Donkey Kong Jr. (SNES),GBA Bowser's Castle 1T,,
Dry Bones,GBA Bowser's Castle 1T,,
King Bob-omb,GBA Bowser's Castle 1T,,
Mario (Hakama),GBA Bowser's Castle 1T,,
Dry Bones (Gold),GBA Bowser's Castle 2,,
Dry Bowser,GBA Bowser's Castle 2,,
Fire Bro,GBA Bowser's Castle 2,,
Ice Bro,GBA Bowser's Castle 2,,
King Bob-omb,GBA Bowser's Castle 2,,
Monty Mole,GBA Bowser's Castle 2,,
Birdo,GBA Bowser's Castle 2R,,
Bowser,GBA Bowser's Castle 2R,,
Bowser (Santa),GBA Bowser's Castle 2R,,
Cat Toad,GBA Bowser's Castle 2R,,
Dry Bowser,GBA Bowser's Castle 2R,,
Fire Bro,GBA Bowser's Castle 2R,,
Waluigi (Bus Driver),GBA Bowser's Castle 2R,,
Bowser,GBA Bowser's Castle 2R/T,,
Bowser Jr.,GBA Bowser's Castle 2R/T,,
Dry Bones (Gold),GBA Bowser's Castle 2R/T,,
Dry Bowser (Gold),GBA Bowser's Castle 2R/T,,
Fire Bro,GBA Bowser's Castle 2R/T,,
Metal Mario,GBA Bowser's Castle 2R/T,,
Birdo,GBA Bowser's Castle 2T,,
Bowser Jr. (Pirate),GBA Bowser's Castle 2T,,
Dry Bones (Gold),GBA Bowser's Castle 2T,,
Fire Bro,GBA Bowser's Castle 2T,,
King Bob-omb,GBA Bowser's Castle 2T,,
Lakitu (Party Time),GBA Bowser's Castle 2T,,
Baby Peach,3DS Cheep Cheep Lagoon,,
Birdo (Yellow),3DS Cheep Cheep Lagoon,,
Black Shy Guy,3DS Cheep Cheep Lagoon,,
Dixie Kong,3DS Cheep Cheep Lagoon,,
Mario (Swimwear),3DS Cheep Cheep Lagoon,,
Rosalina,3DS Cheep Cheep Lagoon,,
Captain Toad,3DS Cheep Cheep Lagoon R,,
Daisy,3DS Cheep Cheep Lagoon R,,
Dixie Kong,3DS Cheep Cheep Lagoon R,,
Funky Kong,3DS Cheep Cheep Lagoon R,,
Lemmy,3DS Cheep Cheep Lagoon R,,
Red Koopa (Freerunning),3DS Cheep Cheep Lagoon R,,
Boomerang Bro,3DS Cheep Cheep Lagoon R/T,,
Bowser Jr. (Pirate),3DS Cheep Cheep Lagoon R/T,,
Builder Luigi,3DS Cheep Cheep Lagoon R/T,,
Koopa Troopa,3DS Cheep Cheep Lagoon R/T,,
Mario (Happi),3DS Cheep Cheep Lagoon R/T,,
Peach (Vacation),3DS Cheep Cheep Lagoon R/T,,
Yoshi (Egg Hunt),3DS Cheep Cheep Lagoon R/T,,
Bowser Jr.,3DS Cheep Cheep Lagoon T,,
Builder Toad,3DS Cheep Cheep Lagoon T,,
Captain Toad,3DS Cheep Cheep Lagoon T,,
Funky Kong,3DS Cheep Cheep Lagoon T,,
Luigi,3DS Cheep Cheep Lagoon T,,
Mario,3DS Cheep Cheep Lagoon T,,
Dry Bones (Gold),SNES Choco Island 1,,
Mario (Chef),SNES Choco Island 1,,
Nabbit,SNES Choco Island 1,,
Pauline,SNES Choco Island 1,,
Rosalina (Swimwear),SNES Choco Island 1,,
Baby Peach (Cherub),SNES Choco Island 1R,,
Donkey Kong Jr. (SNES),SNES Choco Island 1R,,
Gold Koopa (Freerunning),SNES Choco Island 1R,,
Peachette,SNES Choco Island 1R,,
Shy Guy (Pastry Chef),SNES Choco Island 1R,,
Baby Peach (Cherub),SNES Choco Island 1T,,
Birdo,SNES Choco Island 1T,,
Builder Luigi,SNES Choco Island 1T,,
Dry Bowser (Gold),SNES Choco Island 1T,,
Nabbit,SNES Choco Island 1T,,
Pauline (Rose),SNES Choco Island 1T,,
Rosalina (Swimwear),SNES Choco Island 1T,,
Baby Peach (Cherub),SNES Choco Island 2,,
Daisy (Fairy),SNES Choco Island 2,,
King Boo (Gold),SNES Choco Island 2,,
Mario (Chef),SNES Choco Island 2,,
Nabbit,SNES Choco Island 2,,
Rosalina (Halloween),SNES Choco Island 2,,
Wendy,SNES Choco Island 2,,
Bowser Jr.,SNES Choco Island 2R,,
Daisy (Fairy),SNES Choco Island 2R,,
Iggy,SNES Choco Island 2R,,
Mario (Chef),SNES Choco Island 2R,,
Mario (Sunshine),SNES Choco Island 2R,,
Nabbit,SNES Choco Island 2R,,
Birdo,Choco Island 2R/T,,
Builder Mario,Choco Island 2R/T,,
Builder Toad,Choco Island 2R/T,,
Daisy (Fairy),Choco Island 2R/T,,
Toad (Party Time),Choco Island 2R/T,,
Baby Rosalina,Choco Island 2T,,
Mario (SNES),Choco Island 2T,,
Mario (Sunshine),Choco Island 2T,,
Peach (Wintertime),Choco Island 2T,,
Toadette (Explorer),Choco Island 2T,,
Wario,Choco Island 2T,,
Captain Toad,Choco Mountain,,
Donkey Kong Jr. (SNES),Choco Mountain,,
King Bob-omb,Choco Mountain,,
Luigi (Lederhosen),Choco Mountain,,
Mario (Chef),Choco Mountain,,
Pink Gold Peach,Choco Mountain,,
Wario (Hiker),Choco Mountain,,
Captain Toad,Choco Mountain R,,
Donkey Kong Jr. (SNES),Choco Mountain R,,
Dry Bowser,Choco Mountain R,,
Funky Kong,Choco Mountain R,,
Luigi (Lederhosen),Choco Mountain R,,
Mario (Chef),Choco Mountain R,,
Rosalina (Aurora),Choco Mountain R,,
Black Yoshi,Choco Mountain T,,
Nabbit,Choco Mountain T,,
Peach (Explorer),Choco Mountain T,,
Rosalina (Aurora),Choco Mountain T,,
Shy Guy (Pastry Chef),Choco Mountain T,,
Toadette (Explorer),Choco Mountain T,,
Black Yoshi,Daisy Hills,,
Daisy,Daisy Hills,,
Daisy (Yukata),Daisy Hills,,
Dixie Kong,Daisy Hills,,
Mario (Musician),Daisy Hills,,
Toadette (Explorer),Daisy Hills,,
Yoshi (Egg Hunt),Daisy Hills,,
Daisy (Holiday Cheer),Daisy Hills R,,
Daisy (Yukata),Daisy Hills R,,
Dixie Kong,Daisy Hills R,,
Peach (Explorer),Daisy Hills R,,
Peach (Kimono),Daisy Hills R,,
Peach (Wedding),Daisy Hills R,,
Toadette,Daisy Hills R,,
Toadette (Explorer),Daisy Hills R,,
Baby Daisy,Daisy Hills R/T,,
Baby Rosalina (Detective),Daisy Hills R/T,,
Black Yoshi,Daisy Hills R/T,,
Daisy (Yukata),Daisy Hills R/T,,
Pauline,Daisy Hills R/T,,
Red Yoshi,Daisy Hills R/T,,
Baby Daisy,Daisy Hills T,,
Black Yoshi,Daisy Hills T,,
Builder Luigi,Daisy Hills T,,
Daisy,Daisy Hills T,,
Dixie Kong,Daisy Hills T,,
Peach (Vacation),Daisy Hills T,,
Cat Toad,Dino Dino Jungle,,
Donkey Kong,Dino Dino Jungle,,
Dry Bowser,Dino Dino Jungle,,
Dry Bowser (Gold),Dino Dino Jungle,,
Funky Kong,Dino Dino Jungle,,
Yoshi (Reindeer),Dino Dino Jungle,,
Diddy Kong,Dino Dino Jungle R,,
Gold Koopa (Freerunning),Dino Dino Jungle R,,
Monty Mole,Dino Dino Jungle R,,
Peach (Explorer),Dino Dino Jungle R,,
Peachette,Dino Dino Jungle R,,
Birdo,Dino Dino Jungle R/T,,
Funky Kong,Dino Dino Jungle R/T,,
Monty Mole,Dino Dino Jungle R/T,,
Peach (Explorer),Dino Dino Jungle R/T,,
Red Yoshi,Dino Dino Jungle R/T,,
Roy,Dino Dino Jungle R/T,,
Yoshi (Egg Hunt),Dino Dino Jungle R/T,,
Bowser,Dino Dino Jungle T,,
Builder Luigi,Dino Dino Jungle T,,
Builder Toad,Dino Dino Jungle T,,
Dry Bowser,Dino Dino Jungle T,,
Dry Bowser (Gold),Dino Dino Jungle T,,
Wario (Hiker),Dino Dino Jungle T,,
Donkey Kong,DK Pass,,
Funky Kong,DK Pass,,
King Bob-omb,DK Pass,,
Mario (Santa),DK Pass,,
Penguin Luigi,DK Pass,,
Black Shy Guy,DK Pass R,,
Dry Bowser,DK Pass R,,
Penguin Luigi,DK Pass R,,
Rosalina,DK Pass R,,
Wario (Hiker),DK Pass R,,
Black Yoshi,DK Pass R/T,,
Ice Bro,DK Pass R/T,,
Ice Mario,DK Pass R/T,,
Penguin Luigi,DK Pass R/T,,
Rosalina (Halloween),DK Pass R/T,,
Wario (Hiker),DK Pass R/T,,
King Bob-omb,DK Pass T,,
Luigi,DK Pass T,,
Metal Mario,DK Pass T,,
Pink Gold Peach,DK Pass T,,
Wario,DK Pass T,,
Wario (Hiker),DK Pass T,,
Donkey Kong Jr. (SNES),DK Summit,,
King Bob-omb,DK Summit,,
Peach (Explorer),DK Summit,,
Penguin Toad,DK Summit,,
Toadette (Explorer),DK Summit,,
Black Yoshi,DK Summit R,,
Captain Toad,DK Summit R,,
Donkey Kong Jr. (SNES),DK Summit R,,
Mario (Chef),DK Summit R,,
Mario (Halloween),DK Summit R,,
Builder Toad,DK Summit T,,
Luigi (Lederhosen),DK Summit T,,
Mario (Racing),DK Summit T,,
Nabbit,DK Summit T,,
Shy Guy (Gold),DK Summit T,,
Wario (Hiker),DK Summit T,,
Boomerang Bro,Donut Plains 1,,
Dixie Kong,Donut Plains 1,,
Mario (Chef),Donut Plains 1,,
Monty Mole,Donut Plains 1,,
Peach (Wedding),Donut Plains 1,,
Wario (Cowboy),Donut Plains 1,,
Baby Peach (Cherub),Donut Plains 1R,,
Mario (Musician),Donut Plains 1R,,
Monty Mole,Donut Plains 1R,,
Peach (Kimono),Donut Plains 1R,,
Peach (Wedding),Donut Plains 1R,,
Toad,Donut Plains 1R,,
Wario (Cowboy),Donut Plains 1R,,
Black Yoshi,Donut Plains 1R/T,,
Daisy (Yukata),Donut Plains 1R/T,,
Luigi (Classic),Donut Plains 1R/T,,
Mario (Chef),Donut Plains 1R/T,,
Peach (Kimono),Donut Plains 1R/T,,
Peachette,Donut Plains 1R/T,,
Wario (Cowboy),Donut Plains 1R/T,,
Dixie Kong,Donut Plains 1T,,
Gold Koopa (Freerunning),Donut Plains 1T,,
Hammer Bro,Donut Plains 1T,,
Red Koopa (Freerunning),Donut Plains 1T,,
Rosalina (Swimwear),Donut Plains 1T,,
Baby Peach (Cherub),Donut Plains 2,,
Cat Peach,Donut Plains 2,,
King Bob-omb,Donut Plains 2,,
Peach (Explorer),Donut Plains 2,,
Baby Peach (Cherub),Donut Plains 2R,,
Birdo,Donut Plains 2R,,
Black Yoshi,Donut Plains 2R,,
Cat Toad,Donut Plains 2R,,
Ice Mario,Donut Plains 2R,,
Luigi (Lederhosen),Donut Plains 2R,,
Pauline (Rose),Donut Plains 2R,,
Baby Peach (Cherub),Donut Plains 2R/T,,
Birdo (Black),Donut Plains 2R/T,,
Daisy (Holiday Cheer),Donut Plains 2R/T,,
Pauline (Rose),Donut Plains 2R/T,,
Penguin Toad,Donut Plains 2R/T,,
Lakitu (Party Time),Donut Plains 2T,,
Mario (Sunshine),Donut Plains 2T,,
Pauline (Rose),Donut Plains 2T,,
Penguin Luigi,Donut Plains 2T,,
Baby Rosalina (Detective),Frappe Snowland,,
Bowser (Santa),Frappe Snowland,,
Ice Bro,Frappe Snowland,,
Nabbit,Frappe Snowland,,
Peach (Halloween),Frappe Snowland,,
Peach (Wintertime),Frappe Snowland,,
Pink Shy Guy,Frappe Snowland,,
Baby Rosalina (Detective),Frappe Snowland R,,
Ice Bro,Frappe Snowland R,,
Metal Mario,Frappe Snowland R,,
Pauline (Party Time),Frappe Snowland R,,
Rosalina (Aurora),Frappe Snowland R,,
Rosalina (Swimwear),Frappe Snowland R,,
Baby Peach (Cherub),Frappe Snowland R/T,,
Birdo,Frappe Snowland R/T,,
Donkey Kong Jr. (SNES),Frappe Snowland R/T,,
Ice Mario,Frappe Snowland R/T,,
Nabbit,Frappe Snowland R/T,,
Peach (Wintertime),Frappe Snowland R/T,,
Birdo (Light Blue),Frappe Snowland T,,
Ice Bro,Frappe Snowland T,,
Peach (Wintertime),Frappe Snowland T,,
Penguin Luigi,Frappe Snowland T,,
Rosalina (Aurora),Frappe Snowland T,,
Fire Rosalina,Ghost Valley 1,,
King Boo (Luigi's Mansion),Ghost Valley 1,,
Luigi,Ghost Valley 1,,
Peach (Halloween),Ghost Valley 1,,
Pink Shy Guy,Ghost Valley 1,,
Rosalina (Halloween),Ghost Valley 1,,
Birdo (Light Blue),Ghost Valley 1R,,
Black Yoshi,Ghost Valley 1R,,
Bowser (Santa),Ghost Valley 1R,,
King Boo,Ghost Valley 1R,,
King Boo (Luigi's Mansion),Ghost Valley 1R,,
Peach (Explorer),Ghost Valley 1R,,
Black Shy Guy,Ghost Valley 1R/T,,
Bowser Jr. (Pirate),Ghost Valley 1R/T,,
Daisy (Yukata),Ghost Valley 1R/T,,
Dry Bones (Gold),Ghost Valley 1R/T,,
King Boo,Ghost Valley 1R/T,,
Mario (SNES),Ghost Valley 1R/T,,
Waluigi (Bus Driver),Ghost Valley 1R/T,,
Black Shy Guy,Ghost Valley 1T,,
Black Yoshi,Ghost Valley 1T,,
Builder Toad,Ghost Valley 1T,,
King Boo (Gold),Ghost Valley 1T,,
Lakitu,Ghost Valley 1T,,
Rosalina (Halloween),Ghost Valley 1T,,
Hammer Bro,Kalimari Desert,,
Ludwig,Kalimari Desert,,
Morton,Kalimari Desert,,
Peach (Explorer),Kalimari Desert,,
Shy Guy (Pastry Chef),Kalimari Desert,,
Bowser Jr. (Pirate),Kalimari Desert 2,,
Cat Peach,Kalimari Desert 2,,
Dry Bones (Gold),Kalimari Desert 2,,
Luigi (Lederhosen),Kalimari Desert 2,,
Mario (Sunshine),Kalimari Desert 2,,
Pauline (Party Time),Kalimari Desert 2,,
Peach (Explorer),Kalimari Desert 2,,
Wario (Cowboy),Kalimari Desert 2,,
Dixie Kong,Kalimari Desert 2R,,
Fire Rosalina,Kalimari Desert 2R,,
King Boo (Gold),Kalimari Desert 2R,,
Nabbit,Kalimari Desert 2R,,
Pink Gold Peach,Kalimari Desert 2R,,
Toadette (Explorer),Kalimari Desert 2R,,
Birdo (Yellow),Kalimari Desert 2T,,
Captain Toad,Kalimari Desert 2T,,
King Boo (Gold),Kalimari Desert 2T,,
Nabbit,Kalimari Desert 2T,,
Peach (Explorer),Kalimari Desert 2T,,
Wario (Cowboy),Kalimari Desert 2T,,
Dry Bowser (Gold),Kalimari Desert R,,
Larry,Kalimari Desert R,,
Luigi (Lederhosen),Kalimari Desert R,,
Toadette (Explorer),Kalimari Desert R,,
Wario,Kalimari Desert R,,
Wario (Hiker),Kalimari Desert R,,
Birdo (Yellow),Kalimari Desert R/T,,
Bowser Jr.,Kalimari Desert R/T,,
Hammer Bro,Kalimari Desert R/T,,
Larry,Kalimari Desert R/T,,
Ludwig,Kalimari Desert R/T,,
Peach (Explorer),Kalimari Desert R/T,,
Toadette (Explorer),Kalimari Desert R/T,,
Builder Mario,Kalimari Desert T,,
Lakitu (Party Time),Kalimari Desert T,,
Peach (Explorer),Kalimari Desert T,,
Pink Shy Guy,Kalimari Desert T,,
Roy,Kalimari Desert T,,
Wario,Kalimari Desert T,,
Gold Koopa (Freerunning),Koopa Troopa Beach,,
Koopa Troopa,Koopa Troopa Beach,,
Mario,Koopa Troopa Beach,,
Mario (Sunshine),Koopa Troopa Beach,,
Peach (Vacation),Koopa Troopa Beach,,
Rosalina (Swimwear),Koopa Troopa Beach,,
Captain Toad,Koopa Troopa Beach 2,,
Dry Bones (Gold),Koopa Troopa Beach 2,,
Monty Mole,Koopa Troopa Beach 2,,
Penguin Luigi,Koopa Troopa Beach 2,,
Rosalina (Swimwear),Koopa Troopa Beach 2,,
King Boo (Gold),Koopa Troopa Beach 2R,,
Mario (Swimwear),Koopa Troopa Beach 2R,,
Red Koopa (Freerunning),Koopa Troopa Beach 2R,,
Red Yoshi,Koopa Troopa Beach 2R,,
Wario,Koopa Troopa Beach 2R,,
Black Yoshi,Koopa Troopa Beach 2T,,
Builder Mario,Koopa Troopa Beach 2T,,
Daisy (Yukata),Koopa Troopa Beach 2T,,
Ice Mario,Koopa Troopa Beach 2T,,
King Bob-omb,Koopa Troopa Beach 2T,,
Mario (Swimwear),Koopa Troopa Beach 2T,,
Daisy (Holiday Cheer),Koopa Troopa Beach R,,
Gold Koopa (Freerunning),Koopa Troopa Beach R,,
Peach,Koopa Troopa Beach R,,
Shy Guy (Pastry Chef),Koopa Troopa Beach R,,
Toad (Party Time),Koopa Troopa Beach R,,
Builder Luigi,Koopa Troopa Beach R/T,,
Daisy (Yukata),Koopa Troopa Beach R/T,,
Gold Koopa (Freerunning),Koopa Troopa Beach R/T,,
Peach (Vacation),Koopa Troopa Beach R/T,,
Red Koopa (Freerunning),Koopa Troopa Beach R/T,,
Rosalina (Swimwear),Koopa Troopa Beach R/T,,
Yoshi (Reindeer),Koopa Troopa Beach R/T,,
Mario (Happi),Koopa Troopa Beach T,,
Mario (Sunshine),Koopa Troopa Beach T,,
Peach,Koopa Troopa Beach T,,
Peach (Vacation),Koopa Troopa Beach T,,
Shy Guy (Pastry Chef),Koopa Troopa Beach T,,
Toadette (Explorer),Koopa Troopa Beach T,,
Daisy (Holiday Cheer),London Loop,,
Dixie Kong,London Loop,,
Luigi (Classic),London Loop,,
Peach (Wedding),London Loop,,
Red Koopa (Freerunning),London Loop,,
Baby Rosalina (Detective),London Loop 2,,
Baby Peach (Cherub),London Loop 2R,,
Baby Rosalina (Detective),London Loop 2R,,
Lakitu,London Loop 2R,,
Rosalina (Aurora),London Loop 2R,,
Baby Rosalina (Detective),London Loop 2R/T,,
Pauline (Party Time),London Loop 2R/T,,
Peach (Wintertime),London Loop 2R/T,,
Pink Shy Guy,London Loop 2R/T,,
Yoshi (Reindeer),London Loop 2R/T,,
Waluigi (Bus Driver),London Loop 2T,,
Baby Rosalina (Detective),London Loop R,,
Lakitu,London Loop R,,
Penguin Luigi,London Loop R,,
Waluigi (Bus Driver),London Loop R,,
Birdo (Yellow),London Loop R/T,,
Builder Mario,London Loop R/T,,
Daisy (Holiday Cheer),London Loop R/T,,
Mario (Classic),London Loop R/T,,
Luigi (Classic),London Loop T,,
Mario (Classic),London Loop T,,
Mario (Sunshine),London Loop T,,
Pauline,London Loop T,,
Red Yoshi,London Loop T,,
Mario (Sunshine),Los Angeles Laps,,
Mario (Swimwear),Los Angeles Laps,,
Pauline (Party Time),Los Angeles Laps,,
Toad (Party Time),Los Angeles Laps,,
Donkey Kong Jr. (SNES),Los Angeles Laps R,,
Mario (Swimwear),Los Angeles Laps R,,
Peach (Wedding),Los Angeles Laps R,,
Wario,Los Angeles Laps R,,
Bowser Jr. (Pirate),Los Angeles Laps R/T,,
Builder Mario,Los Angeles Laps R/T,,
Funky Kong,Los Angeles Laps R/T,,
Nabbit,Los Angeles Laps R/T,,
Builder Mario,Los Angeles Laps T,,
Donkey Kong Jr. (SNES),Los Angeles Laps T,,
Rosalina (Swimwear),Los Angeles Laps T,,
Waluigi,Los Angeles Laps T,,
King Boo,Luigi's Mansion,,
King Boo (Gold),Luigi's Mansion,,
Luigi,Luigi's Mansion,,
Mario (Chef),Luigi's Mansion,,
Mario (Santa),Luigi's Mansion,,
Rosalina (Halloween),Luigi's Mansion,,
Wario (Hiker),Luigi's Mansion,,
Baby Luigi,Luigi's Mansion R,,
King Bob-omb,Luigi's Mansion R,,
Luigi (Classic),Luigi's Mansion R,,
Mario (Halloween),Luigi's Mansion R,,
Pauline,Luigi's Mansion R,,
Peach,Luigi's Mansion R,,
Wario (Hiker),Luigi's Mansion R,,
Baby Luigi,Luigi's Mansion R/T,,
Baby Rosalina (Detective),Luigi's Mansion R/T,,
Daisy (Fairy),Luigi's Mansion R/T,,
King Boo,Luigi's Mansion R/T,,
Luigi (Classic),Luigi's Mansion R/T,,
Shy Guy (Pastry Chef),Luigi's Mansion R/T,,
Wario (Cowboy),Luigi's Mansion R/T,,
Dry Bowser (Gold),Luigi's Mansion T,,
King Boo (Luigi's Mansion),Luigi's Mansion T,,
Luigi,Luigi's Mansion T,,
Mario (Halloween),Luigi's Mansion T,,
Peach (Halloween),Luigi's Mansion T,,
Pink Gold Peach,Luigi's Mansion T,,
Waluigi (Bus Driver),Luigi's Mansion T,,
Bowser (Santa),Maple Treeway,,
Cat Peach,Maple Treeway,,
Daisy (Fairy),Maple Treeway,,
Dixie Kong,Maple Treeway,,
Mario (Halloween),Maple Treeway,,
Pauline (Rose),Maple Treeway,,
Toad (Party Time),Maple Treeway,,
King Boo (Gold),Maple Treeway R,,
Peach (Explorer),Maple Treeway R,,
Peach (Vacation),Maple Treeway R,,
Red Yoshi,Maple Treeway R,,
Rosalina (Halloween),Maple Treeway R,,
Shy Guy (Gold),Maple Treeway R,,
Bowser (Santa),Maple Treeway T,,
Builder Luigi,Maple Treeway T,,
Fire Rosalina,Maple Treeway T,,
Luigi (Classic),Maple Treeway T,,
Peach (Halloween),Maple Treeway T,,
Shy Guy (Gold),Maple Treeway T,,
Yoshi (Egg Hunt),Maple Treeway T,,
Baby Peach (Cherub),Mario Circuit,,
Mario (Happi),Mario Circuit,,
Peach (Kimono),Mario Circuit,,
Peachette,Mario Circuit,,
Red Koopa (Freerunning),Mario Circuit,,
Mario,Mario Circuit 1,,
Mario (Classic),Mario Circuit 1,,
Mario (Hakama),Mario Circuit 1,,
Mario (Halloween),Mario Circuit 1,,
Nabbit,Mario Circuit 1,,
Toad (Pit Crew),Mario Circuit 1,,
Black Shy Guy,Mario Circuit 1R,,
Mario (Halloween),Mario Circuit 1R,,
Mario (Racing),Mario Circuit 1R,,
Mario (Santa),Mario Circuit 1R,,
Mario (Swimwear),Mario Circuit 1R,,
Peach (Vacation),Mario Circuit 1R,,
Builder Mario,Mario Circuit 1R/T,,
Gold Koopa (Freerunning),Mario Circuit 1R/T,,
Ice Mario,Mario Circuit 1R/T,,
Mario (Racing),Mario Circuit 1R/T,,
Mario (Santa),Mario Circuit 1R/T,,
Mario (SNES),Mario Circuit 1R/T,,
Red Koopa (Freerunning),Mario Circuit 1R/T,,
Toad,Mario Circuit 1R/T,,
Baby Mario,Mario Circuit 1T,,
Builder Mario,Mario Circuit 1T,,
Luigi (Lederhosen),Mario Circuit 1T,,
Mario (Hakama),Mario Circuit 1T,,
Monty Mole,Mario Circuit 1T,,
Peach,Mario Circuit 1T,,
Mario (Classic),Mario Circuit 2,,
Mario (Hakama),Mario Circuit 2,,
Mario (Happi),Mario Circuit 2,,
Toad (Pit Crew),Mario Circuit 2,,
Yoshi (Egg Hunt),Mario Circuit 2,,
Luigi (Classic),Mario Circuit 2R,,
Mario (Happi),Mario Circuit 2R,,
Metal Mario,Mario Circuit 2R,,
Peach (Kimono),Mario Circuit 2R,,
Yoshi (Egg Hunt),Mario Circuit 2R,,
Baby Peach (Cherub),Mario Circuit 2R/T,,
Birdo (Light Blue),Mario Circuit 2R/T,,
Gold Koopa (Freerunning),Mario Circuit 2R/T,,
Ice Mario,Mario Circuit 2R/T,,
Mario (Classic),Mario Circuit 2R/T,,
Penguin Luigi,Mario Circuit 2R/T,,
Toad (Party Time),Mario Circuit 2R/T,,
Lakitu,Mario Circuit 2T,,
Lemmy,Mario Circuit 2T,,
Luigi (Classic),Mario Circuit 2T,,
Mario (Classic),Mario Circuit 2T,,
Mario (Swimwear),Mario Circuit 2T,,
Peach (Halloween),Mario Circuit 2T,,
Toad (Pit Crew),Mario Circuit 2T,,
Donkey Kong Jr. (SNES),Mario Circuit 3,,
Mario (Halloween),Mario Circuit 3,,
Mario (Musician),Mario Circuit 3,,
Mario (Swimwear),Mario Circuit 3,,
Peach (Vacation),Mario Circuit 3,,
Toad (Pit Crew),Mario Circuit 3,,
Captain Toad,Mario Circuit 3R,,
Daisy (Holiday Cheer),Mario Circuit 3R,,
Hammer Bro,Mario Circuit 3R,,
Lakitu (Party Time),Mario Circuit 3R,,
Mario (Hakama),Mario Circuit 3R,,
Toadette,Mario Circuit 3R,,
Builder Luigi,Mario Circuit 3R/T,,
Hammer Bro,Mario Circuit 3R/T,,
Mario,Mario Circuit 3R/T,,
Mario (Chef),Mario Circuit 3R/T,,
Peach,Mario Circuit 3R/T,,
Toad (Party Time),Mario Circuit 3R/T,,
Birdo (Light Blue),Mario Circuit 3T,,
Lakitu,Mario Circuit 3T,,
Lakitu (Party Time),Mario Circuit 3T,,
Luigi (Classic),Mario Circuit 3T,,
Mario (Happi),Mario Circuit 3T,,
Peach (Kimono),Mario Circuit 3T,,
Daisy (Fairy),Mario Circuit R,,
Mario (Chef),Mario Circuit R,,
Peach (Vacation),Mario Circuit R,,
Rosalina,Mario Circuit R,,
Toad,Mario Circuit R,,
Toad (Party Time),Mario Circuit R,,
Builder Mario,Mario Circuit R/T,,
Luigi (Classic),Mario Circuit R/T,,
Luigi (Lederhosen),Mario Circuit R/T,,
Mario (Santa),Mario Circuit R/T,,
Mario (Swimwear),Mario Circuit R/T,,
Peach (Wintertime),Mario Circuit R/T,,
Peachette,Mario Circuit R/T,,
Penguin Luigi,Mario Circuit R/T,,
Gold Koopa (Freerunning),Mario Circuit T,,
Mario,Mario Circuit T,,
Mario (Hakama),Mario Circuit T,,
Mario (Halloween),Mario Circuit T,,
Rosalina (Aurora),Mario Circuit T,,
Toad (Pit Crew),Mario Circuit T,,
Bowser (Santa),Merry Mountain,,
Captain Toad,Merry Mountain,,
Cat Peach,Merry Mountain,,
Luigi (Classic),Merry Mountain,,
Luigi (Lederhosen),Merry Mountain,,
Peach (Halloween),Merry Mountain,,
Penguin Luigi,Merry Mountain,,
Cat Toad,Merry Mountain R,,
Daisy (Holiday Cheer),Merry Mountain R,,
King Boo (Gold),Merry Mountain R,,
Lakitu,Merry Mountain R,,
Mario (Santa),Merry Mountain R,,
Builder Toad,Merry Mountain T,,
Lakitu (Party Time),Merry Mountain T,,
Mario (Halloween),Merry Mountain T,,
Wario (Cowboy),Merry Mountain T,,
Yoshi (Reindeer),Merry Mountain T,,
Bowser,Neo Bowser City,,
Bowser Jr.,Neo Bowser City,,
Dry Bowser (Gold),Neo Bowser City,,
Funky Kong,Neo Bowser City,,
Ice Bro,Neo Bowser City,,
Waluigi (Bus Driver),Neo Bowser City,,
Gold Koopa (Freerunning),Neo Bowser City R,,
Mario (Halloween),Neo Bowser City R,,
Shy Guy (Pastry Chef),Neo Bowser City R,,
Waluigi,Neo Bowser City R,,
Wario (Cowboy),Neo Bowser City R,,
Dry Bones (Gold),Neo Bowser City R/T,,
Dry Bowser,Neo Bowser City R/T,,
Ice Mario,Neo Bowser City R/T,,
Ludwig,Neo Bowser City R/T,,
Pauline (Party Time),Neo Bowser City R/T,,
Peach (Halloween),Neo Bowser City R/T,,
Shy Guy (Gold),Neo Bowser City R/T,,
Bowser Jr.,Neo Bowser City T,,
Bowser Jr. (Pirate),Neo Bowser City T,,
Dry Bowser,Neo Bowser City T,,
Dry Bowser (Gold),Neo Bowser City T,,
Funky Kong,Neo Bowser City T,,
Waluigi (Bus Driver),Neo Bowser City T,,
Pauline,New York Minute,,
Pauline,New York Minute 2,,
Yoshi (Reindeer),New York Minute 2,,
Pauline,New York Minute 2R,,
Pauline (Party Time),New York Minute 2R,,
Diddy Kong,New York Minute 2R/T,,
Mario (Musician),New York Minute 2R/T,,
Pauline (Party Time),New York Minute 2R/T,,
Pauline (Party Time),New York Minute 2T,,
Yoshi (Reindeer),New York Minute 2T,,
Dry Bones (Gold),New York Minute 3,,
Mario (SNES),New York Minute 3,,
Pauline,New York Minute 3,,
Pauline (Party Time),New York Minute 3,,
Waluigi (Bus Driver),New York Minute 3,,
Donkey Kong,New York Minute 3R,,
Funky Kong,New York Minute 3R,,
Luigi,New York Minute 3R,,
Mario (Musician),New York Minute 3R,,
Shy Guy (Pastry Chef),New York Minute 3R,,
Waluigi (Bus Driver),New York Minute 3R,,
Builder Toad,New York Minute 3R/T,,
Mario (Hakama),New York Minute 3R/T,,
Mario (Musician),New York Minute 3R/T,,
Shy Guy (Pastry Chef),New York Minute 3R/T,,
Builder Toad,New York Minute 3T,,
Dry Bowser,New York Minute 3T,,
Mario (Sunshine),New York Minute 3T,,
Pauline,New York Minute 3T,,
Rosalina,New York Minute 3T,,
Rosalina (Halloween),New York Minute 3T,,
Mario (Musician),New York Minute R,,
Pauline,New York Minute R/T,,
Mario (Musician),New York Minute T,,
Luigi (Classic),Paris Promenade,,
Mario (Santa),Paris Promenade,,
Peach (Vacation),Paris Promenade,,
Waluigi (Bus Driver),Paris Promenade,,
Baby Peach (Cherub),Paris Promenade 2,,
Baby Rosalina (Detective),Paris Promenade 2,,
Black Yoshi,Paris Promenade 2,,
Bowser Jr. (Pirate),Paris Promenade 2,,
Mario (Chef),Paris Promenade 2,,
Baby Luigi,Paris Promenade 2R,,
Cat Toad,Paris Promenade 2R,,
Funky Kong,Paris Promenade 2R,,
Hammer Bro,Paris Promenade 2R,,
Lakitu (Party Time),Paris Promenade 2R,,
Peach (Vacation),Paris Promenade 2R,,
Baby Peach (Cherub),Paris Promenade 2R/T,,
Mario (Musician),Paris Promenade 2R/T,,
Peach (Kimono),Paris Promenade 2R/T,,
Red Koopa (Freerunning),Paris Promenade 2R/T,,
Builder Luigi,Paris Promenade 2T,,
Funky Kong,Paris Promenade 2T,,
Lakitu (Party Time),Paris Promenade 2T,,
Peach (Halloween),Paris Promenade 2T,,
Pink Shy Guy,Paris Promenade 2T,,
Birdo (Yellow),Paris Promenade R,,
Gold Koopa (Freerunning),Paris Promenade R,,
Mario (Santa),Paris Promenade R,,
Peach (Wintertime),Paris Promenade R,,
Pink Shy Guy,Paris Promenade R,,
Shy Guy (Pastry Chef),Paris Promenade R,,
Gold Koopa (Freerunning),Paris Promenade R/T,,
Peach (Vacation),Paris Promenade R/T,,
Rosalina,Paris Promenade R/T,,
Bowser Jr.,Paris Promenade T,,
Lakitu,Paris Promenade T,,
Mario (Sunshine),Paris Promenade T,,
Shy Guy (Pastry Chef),Paris Promenade T,,
Wario (Hiker),Paris Promenade T,,
Baby Rosalina (Detective),RMX Choco Island 1,,
Birdo (Yellow),RMX Choco Island 1,,
Daisy (Fairy),RMX Choco Island 1,,
King Boo (Gold),RMX Choco Island 1,,
Mario (Chef),RMX Choco Island 1,,
Nabbit,RMX Choco Island 1,,
Pink Gold Peach,RMX Choco Island 1,,
Baby Peach (Cherub),RMX Choco Island 1R,,
Builder Mario,RMX Choco Island 1R,,
Captain Toad,RMX Choco Island 1R,,
Dixie Kong,RMX Choco Island 1R,,
Mario (Chef),RMX Choco Island 1R,,
Mario (Swimwear),RMX Choco Island 1R,,
Peach (Wintertime),RMX Choco Island 1R,,
Penguin Luigi,RMX Choco Island 1R,,
Daisy,RMX Choco Island 1T,,
Daisy (Holiday Cheer),RMX Choco Island 1T,,
Dixie Kong,RMX Choco Island 1T,,
Mario (Sunshine),RMX Choco Island 1T,,
Monty Mole,RMX Choco Island 1T,,
Yoshi,RMX Choco Island 1T,,
Captain Toad,RMX Choco Island 2,,
Cat Peach,RMX Choco Island 2,,
Daisy (Fairy),RMX Choco Island 2,,
Peach (Wedding),RMX Choco Island 2,,
Wario (Cowboy),RMX Choco Island 2,,
Baby Rosalina (Detective),RMX Choco Island 2R,,
Funky Kong,RMX Choco Island 2R,,
Gold Koopa (Freerunning),RMX Choco Island 2R,,
King Boo (Luigi's Mansion),RMX Choco Island 2R,,
Pink Gold Peach,RMX Choco Island 2R,,
Shy Guy (Pastry Chef),RMX Choco Island 2R,,
Baby Peach (Cherub),RMX Choco Island 2T,,
Lakitu (Party Time),RMX Choco Island 2T,,
Luigi (Lederhosen),RMX Choco Island 2T,,
Pauline (Rose),RMX Choco Island 2T,,
Peach (Wedding),RMX Choco Island 2T,,
Penguin Toad,RMX Choco Island 2T,,
Blue Yoshi,RMX Mario Circuit 1,,
Mario (Chef),RMX Mario Circuit 1,,
Mario (Classic),RMX Mario Circuit 1,,
Mario (Swimwear),RMX Mario Circuit 1,,
Metal Mario,RMX Mario Circuit 1,,
Peach (Wedding),RMX Mario Circuit 1,,
White Yoshi,RMX Mario Circuit 1,,
Boomerang Bro,RMX Mario Circuit 1R,,
Mario (Classic),RMX Mario Circuit 1R,,
Mario (Swimwear),RMX Mario Circuit 1R,,
Penguin Luigi,RMX Mario Circuit 1R,,
Rosalina (Aurora),RMX Mario Circuit 1R,,
Yoshi (Egg Hunt),RMX Mario Circuit 1R,,
Black Yoshi,RMX Mario Circuit 1R/T,,
Luigi,RMX Mario Circuit 1R/T,,
Mario (Classic),RMX Mario Circuit 1R/T,,
Mario (Hakama),RMX Mario Circuit 1R/T,,
Mario (Halloween),RMX Mario Circuit 1R/T,,
Mario (Racing),RMX Mario Circuit 1R/T,,
Mario (Sunshine),RMX Mario Circuit 1R/T,,
Peach (Wedding),RMX Mario Circuit 1R/T,,
Yoshi (Egg Hunt),RMX Mario Circuit 1R/T,,
Baby Rosalina (Detective),RMX Mario Circuit 1T,,
Boomerang Bro,RMX Mario Circuit 1T,,
Builder Luigi,RMX Mario Circuit 1T,,
Builder Mario,RMX Mario Circuit 1T,,
Daisy (Fairy),RMX Mario Circuit 1T,,
Mario (Classic),RMX Mario Circuit 1T,,
Mario (Sunshine),RMX Mario Circuit 1T,,
Shy Guy (Pastry Chef),RMX Mario Circuit 1T,,
Cat Peach,RMX Rainbow Road 1,,
Fire Rosalina,RMX Rainbow Road 1,,
Mario (Happi),RMX Rainbow Road 1,,
Mario (SNES),RMX Rainbow Road 1,,
Pauline (Rose),RMX Rainbow Road 1,,
Rosalina (Aurora),RMX Rainbow Road 1,,
Rosalina (Swimwear),RMX Rainbow Road 1,,
Daisy (Yukata),RMX Rainbow Road 1R,,
Dry Bones (Gold),RMX Rainbow Road 1R,,
Dry Bowser (Gold),RMX Rainbow Road 1R,,
Lakitu (Party Time),RMX Rainbow Road 1R,,
Mario (SNES),RMX Rainbow Road 1R,,
Metal Mario,RMX Rainbow Road 1R,,
Pauline (Rose),RMX Rainbow Road 1R,,
Yoshi (Reindeer),RMX Rainbow Road 1R,,
Bowser (Santa),RMX Rainbow Road 1R/T,,
Builder Luigi,RMX Rainbow Road 1R/T,,
Builder Toad,RMX Rainbow Road 1R/T,,
Cat Peach,RMX Rainbow Road 1R/T,,
Cat Toad,RMX Rainbow Road 1R/T,,
Fire Rosalina,RMX Rainbow Road 1R/T,,
Penguin Luigi,RMX Rainbow Road 1R/T,,
Bowser Jr. (Pirate),RMX Rainbow Road 1T,,
Builder Toad,RMX Rainbow Road 1T,,
Cat Peach,RMX Rainbow Road 1T,,
Daisy (Yukata),RMX Rainbow Road 1T,,
Donkey Kong Jr. (SNES),RMX Rainbow Road 1T,,
Mario (Musician),RMX Rainbow Road 1T,,
Mario (Sunshine),RMX Rainbow Road 1T,,
Penguin Luigi,RMX Rainbow Road 1T,,
Yoshi (Reindeer),RMX Rainbow Road 1T,,
Bowser (Santa),RMX Rainbow Road 2,,
Cat Peach,RMX Rainbow Road 2,,
Lakitu (Party Time),RMX Rainbow Road 2,,
Pauline (Rose),RMX Rainbow Road 2,,
Peach (Halloween),RMX Rainbow Road 2,,
Peach (Wedding),RMX Rainbow Road 2,,
Fire Rosalina,RMX Rainbow Road 2R,,
King Boo (Luigi's Mansion),RMX Rainbow Road 2R,,
Mario,RMX Rainbow Road 2R,,
Pauline (Party Time),RMX Rainbow Road 2R,,
Peach (Kimono),RMX Rainbow Road 2R,,
Rosalina,RMX Rainbow Road 2R,,
Rosalina (Aurora),RMX Rainbow Road 2R,,
Baby Peach (Cherub),RMX Rainbow Road 2T,,
Mario (Halloween),RMX Rainbow Road 2T,,
Mario (SNES),RMX Rainbow Road 2T,,
Mario (Sunshine),RMX Rainbow Road 2T,,
Pauline (Rose),RMX Rainbow Road 2T,,
Penguin Toad,RMX Rainbow Road 2T,,
Donkey Kong,Rock Rock Mountain,,
Toadette (Explorer),Rock Rock Mountain,,
Waluigi,Rock Rock Mountain,,
Wario (Hiker),Rock Rock Mountain,,
Yoshi,Rock Rock Mountain,,
Yoshi (Reindeer),Rock Rock Mountain,,
Diddy Kong,Rock Rock Mountain R,,
Dry Bowser (Gold),Rock Rock Mountain R,,
Funky Kong,Rock Rock Mountain R,,
Mario (Happi),Rock Rock Mountain R,,
Metal Mario,Rock Rock Mountain R,,
Penguin Luigi,Rock Rock Mountain R,,
Black Yoshi,Rock Rock Mountain T,,
Boomerang Bro,Rock Rock Mountain T,,
Funky Kong,Rock Rock Mountain T,,
King Boo (Luigi's Mansion),Rock Rock Mountain T,,
Red Yoshi,Rock Rock Mountain T,,
Toad,Rock Rock Mountain T,,
Fire Rosalina,Rosalina's Ice World,,
King Bob-omb,Rosalina's Ice World,,
Lakitu (Party Time),Rosalina's Ice World,,
Nabbit,Rosalina's Ice World,,
Peach (Explorer),Rosalina's Ice World,,
Shy Guy (Gold),Rosalina's Ice World,,
Cat Toad,Rosalina's Ice World R,,
Ice Mario,Rosalina's Ice World R,,
Nabbit,Rosalina's Ice World R,,
Peach (Halloween),Rosalina's Ice World R,,
Toad (Pit Crew),Rosalina's Ice World R,,
Builder Luigi,Rosalina's Ice World T,,
Cat Peach,Rosalina's Ice World T,,
Dry Bowser (Gold),Rosalina's Ice World T,,
Mario (Santa),Rosalina's Ice World T,,
Penguin Luigi,Rosalina's Ice World T,,
Rosalina (Halloween),Rosalina's Ice World T,,
Bowser (Santa),Royal Raceway,,
Pauline (Party Time),Royal Raceway,,
Peach (Halloween),Royal Raceway,,
Peach (Wedding),Royal Raceway,,
Peachette,Royal Raceway,,
Toadette (Explorer),Royal Raceway,,
Dixie Kong,Royal Raceway R,,
Donkey Kong Jr. (SNES),Royal Raceway R,,
Peach (Kimono),Royal Raceway R,,
Peach (Vacation),Royal Raceway R,,
Peach (Wedding),Royal Raceway R,,
Rosalina (Swimwear),Royal Raceway R,,
Toadette (Explorer),Royal Raceway R,,
Builder Toad,Royal Raceway R/T,,
Cat Peach,Royal Raceway R/T,,
Mario (Racing),Royal Raceway R/T,,
Peach (Halloween),Royal Raceway R/T,,
White Yoshi,Royal Raceway R/T,,
Mario (SNES),Royal Raceway T,,
Peach (Explorer),Royal Raceway T,,
Peach (Halloween),Royal Raceway T,,
Peach (Wintertime),Royal Raceway T,,
Pink Gold Peach,Royal Raceway T,,
Rosalina (Swimwear),Royal Raceway T,,
Bowser (Santa),Shy Guy Bazaar,,
King Boo,Shy Guy Bazaar,,
Luigi (Lederhosen),Shy Guy Bazaar,,
Metal Mario,Shy Guy Bazaar,,
Peach (Wedding),Shy Guy Bazaar,,
Rosalina (Halloween),Shy Guy Bazaar,,
Shy Guy,Shy Guy Bazaar,,
Daisy,Shy Guy Bazaar R,,
Daisy (Yukata),Shy Guy Bazaar R,,
Dry Bowser,Shy Guy Bazaar R,,
Fire Bro,Shy Guy Bazaar R,,
Shy Guy (Gold),Shy Guy Bazaar R,,
Shy Guy (Pastry Chef),Shy Guy Bazaar R,,
Birdo (Yellow),Shy Guy Bazaar R/T,,
Builder Luigi,Shy Guy Bazaar R/T,,
Daisy (Yukata),Shy Guy Bazaar R/T,,
Pauline (Party Time),Shy Guy Bazaar R/T,,
Pink Shy Guy,Shy Guy Bazaar R/T,,
Waluigi,Shy Guy Bazaar R/T,,
Waluigi (Bus Driver),Shy Guy Bazaar R/T,,
Baby Rosalina (Detective),Shy Guy Bazaar T,,
Daisy (Holiday Cheer),Shy Guy Bazaar T,,
Dry Bones,Shy Guy Bazaar T,,
King Boo (Luigi's Mansion),Shy Guy Bazaar T,,
Pink Shy Guy,Shy Guy Bazaar T,,
Shy Guy (Gold),Shy Guy Bazaar T,,
Ice Mario,SNES Rainbow Road,,
Metal Mario,SNES Rainbow Road,,
Pauline (Party Time),SNES Rainbow Road,,
Peach (Wedding),SNES Rainbow Road,,
Rosalina,SNES Rainbow Road,,
Baby Peach (Cherub),SNES Rainbow Road R,,
Dry Bones (Gold),SNES Rainbow Road R,,
Ice Mario,SNES Rainbow Road R,,
Lemmy,SNES Rainbow Road R,,
Mario (Santa),SNES Rainbow Road R,,
Peach (Wedding),SNES Rainbow Road R,,
King Boo (Gold),SNES Rainbow Road R/T,,
King Boo (Luigi's Mansion),SNES Rainbow Road R/T,,
Mario (SNES),SNES Rainbow Road R/T,,
Peach (Halloween),SNES Rainbow Road R/T,,
Pink Gold Peach,SNES Rainbow Road R/T,,
Rosalina,SNES Rainbow Road R/T,,
Rosalina (Halloween),SNES Rainbow Road R/T,,
Rosalina (Swimwear),SNES Rainbow Road R/T,,
Shy Guy (Gold),SNES Rainbow Road R/T,,
Baby Rosalina,SNES Rainbow Road T,,
Mario (Santa),SNES Rainbow Road T,,
Mario (SNES),SNES Rainbow Road T,,
Metal Mario,SNES Rainbow Road T,,
Pink Gold Peach,SNES Rainbow Road T,,
Black Yoshi,Sunset Wilds,,
Blue Yoshi,Sunset Wilds,,
King Bob-omb,Sunset Wilds,,
Luigi (Classic),Sunset Wilds,,
Peach (Explorer),Sunset Wilds,,
Shy Guy (Gold),Sunset Wilds,,
Black Shy Guy,Sunset Wilds R,,
Captain Toad,Sunset Wilds R,,
Daisy (Fairy),Sunset Wilds R,,
Mario (Classic),Sunset Wilds R,,
Yoshi (Egg Hunt),Sunset Wilds R,,
Builder Luigi,Sunset Wilds R/T,,
Cat Peach,Sunset Wilds R/T,,
Cat Toad,Sunset Wilds R/T,,
Daisy (Holiday Cheer),Sunset Wilds R/T,,
Mario (Classic),Sunset Wilds R/T,,
Mario (Halloween),Sunset Wilds R/T,,
Peach (Explorer),Sunset Wilds R/T,,
Toadette (Explorer),Sunset Wilds R/T,,
Birdo (Black),Sunset Wilds T,,
Black Yoshi,Sunset Wilds T,,
Builder Mario,Sunset Wilds T,,
Fire Rosalina,Sunset Wilds T,,
Peach (Wedding),Sunset Wilds T,,
Black Yoshi,Toad Circuit,,
Hammer Bro,Toad Circuit,,
King Bob-omb,Toad Circuit,,
Nabbit,Toad Circuit,,
Peachette,Toad Circuit,,
Toad,Toad Circuit,,
Toadette,Toad Circuit,,
Toadette (Explorer),Toad Circuit,,
Diddy Kong,Toad Circuit R,,
Peach (Vacation),Toad Circuit R,,
Peach (Wedding),Toad Circuit R,,
Penguin Toad,Toad Circuit R,,
Toad (Party Time),Toad Circuit R,,
Toadette (Explorer),Toad Circuit R,,
White Yoshi,Toad Circuit R,,
Builder Toad,Toad Circuit R/T,,
Captain Toad,Toad Circuit R/T,,
Daisy (Holiday Cheer),Toad Circuit R/T,,
Toad,Toad Circuit R/T,,
Toad (Party Time),Toad Circuit R/T,,
Builder Toad,Toad Circuit T,,
Captain Toad,Toad Circuit T,,
Cat Toad,Toad Circuit T,,
Lakitu,Toad Circuit T,,
Mario (Racing),Toad Circuit T,,
Peachette,Toad Circuit T,,
Penguin Toad,Toad Circuit T,,
Red Koopa (Freerunning),Toad Circuit T,,
Toad (Party Time),Toad Circuit T,,
Bowser Jr. (Pirate),Tokyo Blur,,
Daisy (Yukata),Tokyo Blur,,
Mario (Hakama),Tokyo Blur,,
Toad (Party Time),Tokyo Blur,,
Toad (Pit Crew),Tokyo Blur,,
Baby Rosalina (Detective),Tokyo Blur 2,,
Mario (Happi),Tokyo Blur 2,,
Nabbit,Tokyo Blur 2,,
Pink Shy Guy,Tokyo Blur 2,,
King Boo,Tokyo Blur 2R,,
Mario (Happi),Tokyo Blur 2R,,
Nabbit,Tokyo Blur 2R,,
Toad (Party Time),Tokyo Blur 2R,,
Gold Koopa (Freerunning),Tokyo Blur 2R/T,,
Red Yoshi,Tokyo Blur 2R/T,,
Rosalina (Halloween),Tokyo Blur 2R/T,,
Shy Guy (Pastry Chef),Tokyo Blur 2R/T,,
Baby Rosalina (Detective),Tokyo Blur 2T,,
Gold Koopa (Freerunning),Tokyo Blur 2T,,
Red Yoshi,Tokyo Blur 2T,,
Daisy (Yukata),Tokyo Blur 3,,
Mario (Chef),Tokyo Blur 3,,
Mario (Happi),Tokyo Blur 3,,
Yoshi (Reindeer),Tokyo Blur 3,,
Black Yoshi,Tokyo Blur 3R,,
Daisy (Yukata),Tokyo Blur 3R,,
Lakitu,Tokyo Blur 3R,,
Mario (Hakama),Tokyo Blur 3R,,
Yoshi (Reindeer),Tokyo Blur 3R,,
Black Yoshi,Tokyo Blur 3T,,
Builder Toad,Tokyo Blur 3T,,
Daisy (Holiday Cheer),Tokyo Blur 3T,,
Mario (Hakama),Tokyo Blur 3T,,
Peach (Kimono),Tokyo Blur 3T,,
Wario (Cowboy),Tokyo Blur 3T,,
Blue Yoshi,Tokyo Blur 4,,
Cat Toad,Tokyo Blur 4,,
Daisy (Yukata),Tokyo Blur 4,,
Mario (Racing),Tokyo Blur 4,,
Nabbit,Tokyo Blur 4,,
White Yoshi,Tokyo Blur 4,,
Birdo (Black),Tokyo Blur 4R,,
King Boo (Gold),Tokyo Blur 4R,,
Lakitu (Party Time),Tokyo Blur 4R,,
Metal Mario,Tokyo Blur 4R,,
Peach (Wintertime),Tokyo Blur 4R,,
Penguin Toad,Tokyo Blur 4R,,
Builder Mario,Tokyo Blur 4R/T,,
Cat Peach,Tokyo Blur 4R/T,,
Mario (SNES),Tokyo Blur 4R/T,,
Pauline (Rose),Tokyo Blur 4R/T,,
Birdo (Black),Tokyo Blur 4T,,
Builder Luigi,Tokyo Blur 4T,,
Builder Toad,Tokyo Blur 4T,,
Funky Kong,Tokyo Blur 4T,,
Mario (Classic),Tokyo Blur 4T,,
Mario (Happi),Tokyo Blur 4T,,
Pauline (Rose),Tokyo Blur 4T,,
Baby Rosalina (Detective),Tokyo Blur R,,
Bowser Jr. (Pirate),Tokyo Blur R,,
Donkey Kong Jr. (SNES),Tokyo Blur R,,
Mario (Happi),Tokyo Blur R,,
Peach (Kimono),Tokyo Blur R,,
Shy Guy (Gold),Tokyo Blur R,,
Yoshi (Egg Hunt),Tokyo Blur R,,
Builder Mario,Tokyo Blur R/T,,
Mario (Hakama),Tokyo Blur R/T,,
Mario (SNES),Tokyo Blur R/T,,
Mario (Sunshine),Tokyo Blur R/T,,
Baby Rosalina (Detective),Tokyo Blur T,,
Daisy (Fairy),Tokyo Blur T,,
Donkey Kong Jr. (SNES),Tokyo Blur T,,
Peach (Kimono),Tokyo Blur T,,
Shy Guy (Gold),Tokyo Blur T,,
Wario (Cowboy),Tokyo Blur T,,
Yoshi (Egg Hunt),Tokyo Blur T,,
Birdo (Light Blue),Vancouver Velocity,,
Dry Bones (Gold),Vancouver Velocity,,
Ice Bro,Vancouver Velocity,,
Rosalina (Aurora),Vancouver Velocity,,
Dry Bowser (Gold),Vancouver Velocity R,,
Ice Bro,Vancouver Velocity R,,
Rosalina (Aurora),Vancouver Velocity R,,
Shy Guy (Gold),Vancouver Velocity R,,
Wario (Hiker),Vancouver Velocity R,,
Birdo (Light Blue),Vancouver Velocity R/T,,
Rosalina (Aurora),Vancouver Velocity R/T,,
Yoshi (Reindeer),Vancouver Velocity R/T,,
Baby Rosalina (Detective),Vancouver Velocity T,,
Birdo,Vancouver Velocity T,,
Builder Toad,Vancouver Velocity T,,
Ice Mario,Vancouver Velocity T,,
Mario (Sunshine),Vancouver Velocity T,,
Bowser (Santa),Vanilla Lake 1,,
Daisy (Fairy),Vanilla Lake 1,,
Dixie Kong,Vanilla Lake 1,,
Ice Mario,Vanilla Lake 1,,
Lemmy,Vanilla Lake 1,,
Penguin Luigi,Vanilla Lake 1,,
Bowser (Santa),Vanilla Lake 1R,,
Bowser Jr. (Pirate),Vanilla Lake 1R,,
Daisy (Fairy),Vanilla Lake 1R,,
Ice Bro,Vanilla Lake 1R,,
Ice Mario,Vanilla Lake 1R,,
Wario (Hiker),Vanilla Lake 1R,,
Builder Toad,Vanilla Lake 1R/T,,
Daisy (Fairy),Vanilla Lake 1R/T,,
Dry Bones (Gold),Vanilla Lake 1R/T,,
Ice Bro,Vanilla Lake 1R/T,,
Mario (Swimwear),Vanilla Lake 1R/T,,
Rosalina (Aurora),Vanilla Lake 1R/T,,
Bowser Jr.,Vanilla Lake 1T,,
Bowser Jr. (Pirate),Vanilla Lake 1T,,
Funky Kong,Vanilla Lake 1T,,
King Boo (Gold),Vanilla Lake 1T,,
Mario (Santa),Vanilla Lake 1T,,
Peach (Wintertime),Vanilla Lake 1T,,
Penguin Toad,Vanilla Lake 1T,,
Yoshi (Reindeer),Vanilla Lake 1T,,
Baby Mario,Waluigi Pinball,,
Blue Yoshi,Waluigi Pinball,,
Donkey Kong Jr. (SNES),Waluigi Pinball,,
Lakitu (Party Time),Waluigi Pinball,,
Pauline (Party Time),Waluigi Pinball,,
Peach (Kimono),Waluigi Pinball,,
Waluigi,Waluigi Pinball,,
Daisy (Yukata),Waluigi Pinball R,,
Donkey Kong,Waluigi Pinball R,,
Dry Bowser (Gold),Waluigi Pinball R,,
Lakitu (Party Time),Waluigi Pinball R,,
Mario (Hakama),Waluigi Pinball R,,
Mario (Musician),Waluigi Pinball R,,
Waluigi (Bus Driver),Waluigi Pinball R,,
King Bob-omb,Waluigi Pinball R/T,,
Luigi,Waluigi Pinball R/T,,
Nabbit,Waluigi Pinball R/T,,
Pauline,Waluigi Pinball R/T,,
Penguin Luigi,Waluigi Pinball R/T,,
Pink Gold Peach,Waluigi Pinball R/T,,
Bowser (Santa),Waluigi Pinball T,,
Builder Luigi,Waluigi Pinball T,,
Donkey Kong Jr. (SNES),Waluigi Pinball T,,
Dry Bowser (Gold),Waluigi Pinball T,,
Lakitu,Waluigi Pinball T,,
Pauline,Waluigi Pinball T,,
Peachette,Waluigi Pinball T,,
Waluigi (Bus Driver),Waluigi Pinball T,,
Fire Rosalina,Yoshi Circuit,,
Mario (SNES),Yoshi Circuit,,
Peach (Wintertime),Yoshi Circuit,,
Red Yoshi,Yoshi Circuit,,
Yoshi,Yoshi Circuit,,
Yoshi (Egg Hunt),Yoshi Circuit,,
Yoshi (Reindeer),Yoshi Circuit,,
Black Yoshi,Yoshi Circuit R,,
Mario (Musician),Yoshi Circuit R,,
Peach,Yoshi Circuit R,,
Peach (Explorer),Yoshi Circuit R,,
Waluigi (Bus Driver),Yoshi Circuit R,,
Yoshi (Egg Hunt),Yoshi Circuit R,,
Baby Peach (Cherub),Yoshi Circuit R/T,,
Baby Rosalina (Detective),Yoshi Circuit R/T,,
Pink Gold Peach,Yoshi Circuit R/T,,
Red Yoshi,Yoshi Circuit R/T,,
Rosalina (Swimwear),Yoshi Circuit R/T,,
Yoshi,Yoshi Circuit R/T,,
Yoshi (Egg Hunt),Yoshi Circuit R/T,,
Baby Peach (Cherub),Yoshi Circuit T,,
Builder Toad,Yoshi Circuit T,,
Cat Toad,Yoshi Circuit T,,
Lakitu (Party Time),Yoshi Circuit T,,
Mario (SNES),Yoshi Circuit T,,
Peach (Wintertime),Yoshi Circuit T,,
Yoshi,Yoshi Circuit T,,
Yoshi (Reindeer),Yoshi Circuit T,,
