position,name,rarity,special_skill,date_added,debut_tour,is_daily_select,is_in_pipes,favorite_courses_base,favorite_courses_level_3,favorite_courses_level_6,favored_courses,baby,crown,dress,earrings,extended_tongue,gloves,hat,helmet,horns,kong,koopaling,mustache,ribbon,shell,short_sleeves,three_hairs,tie
1,Baby Mario,Normal,Boomerang Flower,2019-09-25,New York Tour,TRUE,FALSE,"DS Waluigi Pinball, SNES Mario Circuit 1T",,SNES Vanilla Lake 1R/T,,TRUE,FALSE,FALSE,FALSE,FALSE,FALSE,TRUE,FALSE,FALSE,FALSE,FALSE,FALSE,FALSE,FALSE,FALSE,FALSE,FALSE
2,Baby Peach,Normal,Bubble,2019-09-25,New York Tour,TRUE,FALSE,3DS Cheep Cheep Lagoon,,3DS Rainbow Road,,TRUE,TRUE,FALSE,FALSE,FALSE,FALSE,FALSE,FALSE,FALSE,FALSE,FALSE,FALSE,FALSE,FALSE,TRUE,FALSE,FALSE
3,Baby Daisy,Normal,Bubble,2019-09-25,New York Tour,TRUE,FALSE,"3DS Daisy Hills R/T, 3DS Daisy Hills T",,SNES Choco Island 2R/T,,TRUE,TRUE,FALSE,FALSE,FALSE,FALSE,FALSE,FALSE,FALSE,FALSE,FALSE,FALSE,FALSE,FALSE,TRUE,FALSE,FALSE
4,Baby Rosalina,Normal,Bubble,2019-10-09,Tokyo Tour,TRUE,FALSE,"SNES Choco Island 2T, SNES Rainbow Road T",,SNES Choco Island 2R/T,,TRUE,TRUE,FALSE,FALSE,FALSE,FALSE,FALSE,FALSE,FALSE,FALSE,FALSE,FALSE,FALSE,FALSE,TRUE,FALSE,FALSE
5,Baby Luigi,Normal,Boomerang Flower,2019-10-23,Halloween Tour (2019),TRUE,FALSE,"DS Luigi's Mansion R, DS Luigi's Mansion R/T, Paris Promenade 2R",,DS Waluigi Pinball R/T,,TRUE,FALSE,FALSE,FALSE,FALSE,FALSE,TRUE,FALSE,FALSE,FALSE,FALSE,FALSE,FALSE,FALSE,FALSE,FALSE,FALSE
6,Koopa Troopa,Normal,Triple Green Shells,2019-09-25,New York Tour,TRUE,FALSE,"3DS Cheep Cheep Lagoon R/T, N64 Koopa Troopa Beach",,3DS Mario Circuit T,,FALSE,FALSE,FALSE,FALSE,FALSE,FALSE,FALSE,FALSE,FALSE,FALSE,FALSE,FALSE,FALSE,TRUE,FALSE,FALSE,FALSE
7,Shy Guy,Normal,Double Bob-ombs,2019-09-25,New York Tour,TRUE,FALSE,3DS Shy Guy Bazaar,,3DS Daisy Hills R/T,,FALSE,FALSE,FALSE,FALSE,FALSE,FALSE,FALSE,FALSE,FALSE,FALSE,FALSE,FALSE,FALSE,FALSE,FALSE,FALSE,FALSE
8,Dry Bones,Normal,Triple Green Shells,2019-09-25,New York Tour,TRUE,FALSE,"3DS Shy Guy Bazaar T, GBA Bowser's Castle 1T",,GBA Bowser's Castle 1,,FALSE,FALSE,FALSE,FALSE,FALSE,TRUE,FALSE,FALSE,FALSE,FALSE,FALSE,FALSE,FALSE,TRUE,FALSE,FALSE,FALSE
9,Iggy,Normal,Triple Green Shells,2019-10-09,Tokyo Tour,TRUE,FALSE,SNES Choco Island 2R,,GBA Bowser's Castle 1T,,FALSE,FALSE,FALSE,FALSE,FALSE,FALSE,FALSE,FALSE,FALSE,FALSE,TRUE,FALSE,FALSE,TRUE,FALSE,FALSE,FALSE
10,Larry,Normal,Boomerang Flower,2019-10-09,Tokyo Tour,TRUE,FALSE,"N64 Kalimari Desert R, N64 Kalimari Desert R/T",,3DS Cheep Cheep Lagoon R/T,,FALSE,FALSE,FALSE,FALSE,FALSE,FALSE,FALSE,FALSE,FALSE,FALSE,TRUE,FALSE,FALSE,TRUE,FALSE,FALSE,FALSE
11,Lemmy,Normal,Bubble,2019-10-09,Tokyo Tour,TRUE,FALSE,"3DS Cheep Cheep Lagoon R, 3DS Rainbow Road, SNES Mario Circuit 2T, SNES Rainbow Road R, SNES Vanilla Lake 1",,3DS Rainbow Road T,,FALSE,FALSE,FALSE,FALSE,FALSE,FALSE,FALSE,FALSE,FALSE,FALSE,TRUE,FALSE,FALSE,TRUE,FALSE,FALSE,FALSE
12,Ludwig,Normal,Dash Ring,2019-10-09,Tokyo Tour,TRUE,FALSE,"3DS Neo Bowser City R/T, GBA Bowser's Castle 1, N64 Kalimari Desert, N64 Kalimari Desert R/T",,GCN Yoshi Circuit R/T,,FALSE,FALSE,FALSE,FALSE,FALSE,FALSE,FALSE,FALSE,FALSE,FALSE,TRUE,FALSE,FALSE,TRUE,FALSE,FALSE,FALSE
13,Morton,Normal,Giant Banana,2019-10-09,Tokyo Tour,TRUE,FALSE,N64 Kalimari Desert,,GCN Dino Dino Jungle R/T,,FALSE,FALSE,FALSE,FALSE,FALSE,FALSE,FALSE,FALSE,FALSE,FALSE,FALSE,FALSE,FALSE,FALSE,FALSE,FALSE,FALSE
14,Roy,Normal,Double Bob-ombs,2019-10-09,Tokyo Tour,TRUE,FALSE,"GCN Dino Dino Jungle R/T, N64 Kalimari Desert T",,GBA Bowser's Castle 1R/T,,FALSE,FALSE,FALSE,FALSE,FALSE,FALSE,FALSE,FALSE,FALSE,FALSE,TRUE,FALSE,FALSE,TRUE,FALSE,FALSE,FALSE
15,Wendy,Normal,Heart,2019-10-09,Tokyo Tour,TRUE,FALSE,SNES Choco Island 2,,GBA Bowser's Castle 2R,,FALSE,FALSE,FALSE,FALSE,FALSE,FALSE,FALSE,FALSE,FALSE,FALSE,TRUE,FALSE,TRUE,TRUE,FALSE,FALSE,FALSE
16,Mario,Super,Fire Flower,2019-09-25,New York Tour,TRUE,FALSE,"3DS Cheep Cheep Lagoon T, 3DS Mario Circuit T, N64 Koopa Troopa Beach, RMX Rainbow Road 2R, SNES Mario Circuit 1, SNES Mario Circuit 3R/T",GCN Yoshi Circuit R/T,N64 Koopa Troopa Beach R,,FALSE,FALSE,FALSE,FALSE,FALSE,TRUE,TRUE,FALSE,FALSE,FALSE,FALSE,TRUE,FALSE,FALSE,FALSE,FALSE,FALSE
17,Peach,Super,Heart,2019-09-25,New York Tour,TRUE,FALSE,"DS Luigi's Mansion R, GCN Yoshi Circuit R, N64 Koopa Troopa Beach R, N64 Koopa Troopa Beach T, SNES Mario Circuit 1T, SNES Mario Circuit 3R/T",N64 Frappe Snowland R/T,3DS Mario Circuit R,,FALSE,TRUE,TRUE,TRUE,FALSE,TRUE,FALSE,FALSE,FALSE,FALSE,FALSE,FALSE,FALSE,FALSE,TRUE,FALSE,FALSE
18,Yoshi,Super,Yoshi's Egg,2019-09-25,New York Tour,TRUE,FALSE,"3DS Rock Rock Mountain, GCN Yoshi Circuit, GCN Yoshi Circuit R/T, GCN Yoshi Circuit T, RMX Choco Island 1T",N64 Frappe Snowland R/T,GCN Dino Dino Jungle R,,FALSE,FALSE,FALSE,FALSE,TRUE,FALSE,FALSE,FALSE,FALSE,FALSE,FALSE,FALSE,FALSE,TRUE,FALSE,FALSE,FALSE
19,Daisy,Super,Heart,2019-09-25,New York Tour,TRUE,FALSE,"3DS Cheep Cheep Lagoon R, 3DS Daisy Hills, 3DS Daisy Hills T, 3DS Shy Guy Bazaar R, RMX Choco Island 1T",3DS Shy Guy Bazaar R/T,3DS Shy Guy Bazaar T,,FALSE,TRUE,TRUE,TRUE,FALSE,TRUE,FALSE,FALSE,FALSE,FALSE,FALSE,FALSE,FALSE,FALSE,TRUE,FALSE,FALSE
20,Toad,Super,Triple Mushrooms,2019-09-25,New York Tour,TRUE,FALSE,"3DS Mario Circuit R, 3DS Rock Rock Mountain T, 3DS Toad Circuit, 3DS Toad Circuit R/T, SNES Donut Plains 1R, SNES Mario Circuit 1R/T",SNES Mario Circuit 1T,N64 Koopa Troopa Beach,,FALSE,FALSE,FALSE,FALSE,FALSE,FALSE,FALSE,FALSE,FALSE,FALSE,FALSE,FALSE,FALSE,FALSE,FALSE,FALSE,FALSE
21,Toadette,Super,Triple Mushrooms,2019-09-25,New York Tour,TRUE,FALSE,"3DS Daisy Hills R, 3DS Toad Circuit, SNES Mario Circuit 3R",3DS Toad Circuit R/T,3DS Mario Circuit T,,FALSE,FALSE,FALSE,FALSE,FALSE,FALSE,FALSE,FALSE,FALSE,FALSE,FALSE,FALSE,FALSE,FALSE,FALSE,FALSE,FALSE
22,Rosalina,Super,Dash Ring,2019-10-09,Tokyo Tour,TRUE,FALSE,"3DS Cheep Cheep Lagoon, 3DS Mario Circuit R, DS DK Pass R, New York Minute 3T, Paris Promenade R/T, RMX Rainbow Road 2R, SNES Rainbow Road, SNES Rainbow Road R/T",SNES Rainbow Road R,SNES Mario Circuit 3T,,FALSE,TRUE,TRUE,TRUE,FALSE,FALSE,FALSE,FALSE,FALSE,FALSE,FALSE,FALSE,FALSE,FALSE,FALSE,FALSE,FALSE
23,Luigi,Super,Fire Flower,2019-10-23,Halloween Tour (2019),TRUE,FALSE,"3DS Cheep Cheep Lagoon T, DS DK Pass T, DS Luigi's Mansion, DS Luigi's Mansion T, DS Waluigi Pinball R/T, New York Minute 3R, RMX Mario Circuit 1R/T, SNES Ghost Valley 1",DS Luigi's Mansion R/T,DS Waluigi Pinball R,,FALSE,FALSE,FALSE,FALSE,FALSE,TRUE,TRUE,FALSE,FALSE,FALSE,FALSE,TRUE,FALSE,FALSE,FALSE,FALSE,FALSE
24,Toad (Pit Crew),Super,Boomerang Flower,2019-11-06,Paris Tour,TRUE,FALSE,"3DS Mario Circuit T, 3DS Rosalina's Ice World R, SNES Mario Circuit 1, SNES Mario Circuit 2, SNES Mario Circuit 2T, SNES Mario Circuit 3, Tokyo Blur",SNES Mario Circuit 3R/T,RMX Mario Circuit 1R/T,,FALSE,FALSE,FALSE,FALSE,FALSE,TRUE,FALSE,TRUE,FALSE,FALSE,FALSE,FALSE,FALSE,FALSE,FALSE,FALSE,FALSE
25,Red Yoshi,Super,Yoshi's Egg,2020-01-01,New Year's Tour,FALSE,FALSE,"3DS Daisy Hills R/T, 3DS Rock Rock Mountain T, GCN Dino Dino Jungle R/T, GCN Yoshi Circuit, GCN Yoshi Circuit R/T, London Loop T, SNES Koopa Troopa Beach 2R, Tokyo Blur 2R/T, Tokyo Blur 2T, Wii Maple Treeway R",SNES Donut Plains 1R,SNES Mario Circuit 2R/T,,FALSE,FALSE,FALSE,FALSE,TRUE,FALSE,FALSE,FALSE,FALSE,FALSE,FALSE,FALSE,FALSE,TRUE,FALSE,FALSE,FALSE
26,Blue Yoshi,Super,Dash Ring,2021-03-31,Yoshi Tour (2021),FALSE,FALSE,"DS Waluigi Pinball, GBA Sunset Wilds, RMX Mario Circuit 1, Tokyo Blur 4",GCN Yoshi Circuit T,GBA Sunset Wilds T,,FALSE,FALSE,FALSE,FALSE,TRUE,FALSE,FALSE,FALSE,FALSE,FALSE,FALSE,FALSE,FALSE,TRUE,FALSE,FALSE,FALSE
27,Bowser,Super,Bowser's Shell,2019-09-25,New York Tour,TRUE,FALSE,"3DS Neo Bowser City, 3DS Rainbow Road T, GBA Bowser's Castle 1, GBA Bowser's Castle 1T, GBA Bowser's Castle 2R, GBA Bowser's Castle 2R/T, GCN Dino Dino Jungle T",N64 Kalimari Desert R/T,GBA Bowser's Castle 1R,,FALSE,FALSE,FALSE,FALSE,FALSE,FALSE,FALSE,FALSE,TRUE,FALSE,FALSE,FALSE,FALSE,TRUE,FALSE,FALSE,FALSE
28,Donkey Kong,Super,Giant Banana,2019-09-25,New York Tour,TRUE,FALSE,"3DS Rock Rock Mountain, DS DK Pass, DS Waluigi Pinball R, GCN Dino Dino Jungle, New York Minute 3R",SNES Vanilla Lake 1R/T,RMX Rainbow Road 1T,,FALSE,FALSE,FALSE,FALSE,FALSE,FALSE,FALSE,FALSE,FALSE,TRUE,FALSE,FALSE,FALSE,FALSE,FALSE,FALSE,TRUE
29,Diddy Kong,Super,Banana Barrels,2019-09-25,New York Tour,TRUE,FALSE,"3DS Rock Rock Mountain R, 3DS Toad Circuit R, GCN Dino Dino Jungle R, New York Minute 2R/T",3DS Neo Bowser City R/T,N64 Koopa Troopa Beach R,,FALSE,FALSE,FALSE,FALSE,FALSE,FALSE,TRUE,FALSE,FALSE,TRUE,FALSE,FALSE,FALSE,FALSE,FALSE,FALSE,FALSE
30,Lakitu,Super,Triple Green Shells,2019-10-09,Tokyo Tour,TRUE,FALSE,"3DS Toad Circuit T, DS Waluigi Pinball T, London Loop 2R, London Loop R, Merry Mountain R, Paris Promenade T, SNES Ghost Valley 1T, SNES Mario Circuit 2T, SNES Mario Circuit 3T, Tokyo Blur 3R",GBA Bowser's Castle 2R/T,SNES Mario Circuit 2,,FALSE,FALSE,FALSE,FALSE,FALSE,FALSE,FALSE,FALSE,FALSE,FALSE,FALSE,FALSE,FALSE,TRUE,FALSE,TRUE,FALSE
31,Bowser Jr.,Super,Bowser's Shell,2019-10-09,Tokyo Tour,TRUE,FALSE,"3DS Cheep Cheep Lagoon T, 3DS Neo Bowser City, 3DS Neo Bowser City T, GBA Bowser's Castle 1R, GBA Bowser's Castle 2R/T, N64 Kalimari Desert R/T, Paris Promenade T, SNES Choco Island 2R, SNES Vanilla Lake 1T",GBA Bowser's Castle 1T,SNES Mario Circuit 2T,,TRUE,FALSE,FALSE,FALSE,FALSE,FALSE,FALSE,FALSE,TRUE,FALSE,FALSE,FALSE,FALSE,TRUE,FALSE,FALSE,FALSE
32,Wario,Super,Double Bob-ombs,2019-10-09,Tokyo Tour,TRUE,FALSE,"DS DK Pass T, Los Angeles Laps R, N64 Kalimari Desert R, N64 Kalimari Desert T, SNES Choco Island 2T, SNES Koopa Troopa Beach 2R",DS Luigi's Mansion R/T,GBA Bowser's Castle 2R/T,,FALSE,FALSE,FALSE,FALSE,FALSE,TRUE,TRUE,FALSE,FALSE,FALSE,FALSE,TRUE,FALSE,FALSE,FALSE,FALSE,FALSE
33,Waluigi,Super,Double Bob-ombs,2019-10-23,Halloween Tour (2019),TRUE,FALSE,"3DS Neo Bowser City R, 3DS Rainbow Road R, 3DS Rock Rock Mountain, 3DS Shy Guy Bazaar R/T, DS Waluigi Pinball, GBA Bowser's Castle 1R/T, Los Angeles Laps T",DS Waluigi Pinball R,N64 Kalimari Desert,,FALSE,FALSE,FALSE,FALSE,FALSE,FALSE,FALSE,FALSE,FALSE,FALSE,FALSE,FALSE,FALSE,FALSE,FALSE,FALSE,FALSE
34,King Boo,Super,Lucky Seven,2019-10-23,Halloween Tour (2019),TRUE,FALSE,"3DS Shy Guy Bazaar, DS Luigi's Mansion, DS Luigi's Mansion R/T, SNES Ghost Valley 1R, SNES Ghost Valley 1R/T, Tokyo Blur 2R",SNES Choco Island 2T,GBA Bowser's Castle 2,,FALSE,TRUE,FALSE,FALSE,TRUE,FALSE,FALSE,FALSE,FALSE,FALSE,FALSE,FALSE,FALSE,FALSE,FALSE,FALSE,FALSE
35,Black Shy Guy,Super,Bob-omb Cannon,2019-11-20,Winter Tour (2019),FALSE,FALSE,"3DS Cheep Cheep Lagoon, DS DK Pass R, GBA Sunset Wilds R, SNES Ghost Valley 1R/T, SNES Ghost Valley 1T, SNES Mario Circuit 1R",DS Luigi's Mansion R/T,SNES Choco Island 2,,FALSE,FALSE,FALSE,FALSE,FALSE,FALSE,FALSE,FALSE,FALSE,FALSE,FALSE,FALSE,FALSE,FALSE,FALSE,FALSE,FALSE
36,Red Koopa (Freerunning),Super,Fire Flower,2019-12-04,London Tour,FALSE,FALSE,"3DS Cheep Cheep Lagoon R, 3DS Toad Circuit T, London Loop, N64 Koopa Troopa Beach R/T, Paris Promenade 2R/T, SNES Donut Plains 1T, SNES Koopa Troopa Beach 2R, SNES Mario Circuit 1, SNES Mario Circuit 1R/T",SNES Mario Circuit 3R/T,GCN Yoshi Circuit T,,FALSE,FALSE,FALSE,FALSE,FALSE,FALSE,TRUE,FALSE,FALSE,FALSE,FALSE,FALSE,FALSE,TRUE,FALSE,FALSE,FALSE
37,Birdo,Super,Birdo's Egg,2019-12-18,Holiday Tour,FALSE,FALSE,"3DS Rainbow Road T, GBA Bowser's Castle 2R, GBA Bowser's Castle 2T, GCN Dino Dino Jungle R/T, N64 Frappe Snowland R/T, SNES Choco Island 1T, SNES Choco Island 2R/T, SNES Donut Plains 2R, Vancouver Velocity T",SNES Ghost Valley 1R/T,DS Waluigi Pinball T,,FALSE,FALSE,FALSE,FALSE,FALSE,FALSE,FALSE,FALSE,FALSE,FALSE,FALSE,FALSE,TRUE,FALSE,FALSE,FALSE,FALSE
38,Pink Shy Guy,Super,Heart,2020-01-29,Valentine's Tour,FALSE,FALSE,"3DS Shy Guy Bazaar R/T, 3DS Shy Guy Bazaar T, London Loop 2R/T, N64 Frappe Snowland, N64 Kalimari Desert T, Paris Promenade 2T, Paris Promenade R, SNES Ghost Valley 1, Tokyo Blur 2",3DS Cheep Cheep Lagoon R/T,SNES Mario Circuit 2R/T,,FALSE,FALSE,FALSE,FALSE,FALSE,FALSE,FALSE,FALSE,FALSE,FALSE,FALSE,FALSE,FALSE,FALSE,FALSE,FALSE,FALSE
39,Birdo (Light Blue),Super,Birdo's Egg,2020-02-12,Vancouver Tour,FALSE,FALSE,"3DS Rainbow Road, N64 Frappe Snowland T, SNES Ghost Valley 1R, SNES Mario Circuit 2R/T, SNES Mario Circuit 3T, Vancouver Velocity, Vancouver Velocity R/T",N64 Koopa Troopa Beach R/T,SNES Donut Plains 1R/T,,FALSE,FALSE,FALSE,FALSE,FALSE,FALSE,FALSE,FALSE,FALSE,FALSE,FALSE,FALSE,TRUE,FALSE,FALSE,FALSE,FALSE
40,Hammer Bro,Super,Hammer,2020-03-25,Hammer Bro Tour,FALSE,FALSE,"3DS Toad Circuit, DS Airship Fortress T, GBA Bowser's Castle 1R/T, N64 Kalimari Desert, N64 Kalimari Desert R/T, Paris Promenade 2R, SNES Donut Plains 1T, SNES Mario Circuit 3R, SNES Mario Circuit 3R/T",GCN Dino Dino Jungle R/T,N64 Koopa Troopa Beach,,FALSE,FALSE,FALSE,FALSE,FALSE,FALSE,FALSE,TRUE,FALSE,FALSE,FALSE,FALSE,FALSE,TRUE,FALSE,FALSE,FALSE
41,Boomerang Bro,Super,Boomerang Flower,2020-03-25,Hammer Bro Tour,FALSE,FALSE,"3DS Cheep Cheep Lagoon R/T, 3DS Rock Rock Mountain T, RMX Mario Circuit 1R, RMX Mario Circuit 1T, SNES Donut Plains 1",N64 Kalimari Desert T,N64 Kalimari Desert R,,FALSE,FALSE,FALSE,FALSE,FALSE,FALSE,FALSE,TRUE,FALSE,FALSE,FALSE,FALSE,FALSE,TRUE,FALSE,FALSE,FALSE
42,Ice Bro,Super,Ice Flower,2020-03-25,Hammer Bro Tour,FALSE,FALSE,"3DS Neo Bowser City, DS DK Pass R/T, GBA Bowser's Castle 2, N64 Frappe Snowland, N64 Frappe Snowland R, N64 Frappe Snowland T, SNES Vanilla Lake 1R, SNES Vanilla Lake 1R/T, Vancouver Velocity, Vancouver Velocity R",N64 Koopa Troopa Beach T,SNES Mario Circuit 3R,,FALSE,FALSE,FALSE,FALSE,FALSE,FALSE,FALSE,TRUE,FALSE,FALSE,FALSE,FALSE,FALSE,TRUE,FALSE,FALSE,FALSE
43,Fire Bro,Super,Fire Flower,2020-03-25,Hammer Bro Tour,FALSE,FALSE,"3DS Shy Guy Bazaar R, DS Airship Fortress R, GBA Bowser's Castle 1R, GBA Bowser's Castle 1R/T, GBA Bowser's Castle 2, GBA Bowser's Castle 2R, GBA Bowser's Castle 2R/T, GBA Bowser's Castle 2T",GCN Dino Dino Jungle T,SNES Donut Plains 1R,,FALSE,FALSE,FALSE,FALSE,FALSE,FALSE,FALSE,TRUE,FALSE,FALSE,FALSE,FALSE,FALSE,TRUE,FALSE,FALSE,FALSE
44,Birdo (Yellow),Super,Birdo's Egg,2020-04-08,Yoshi Tour (2020),FALSE,FALSE,"3DS Cheep Cheep Lagoon, 3DS Shy Guy Bazaar R/T, London Loop R/T, N64 Kalimari Desert 2T, N64 Kalimari Desert R/T, Paris Promenade R, RMX Choco Island 1",SNES Choco Island 2T,DS Waluigi Pinball R/T,,FALSE,FALSE,FALSE,FALSE,FALSE,FALSE,FALSE,FALSE,FALSE,FALSE,FALSE,FALSE,TRUE,FALSE,FALSE,FALSE,FALSE
45,Monty Mole,Super,Mushroom Cannon,2020-05-06,Flower Tour,FALSE,FALSE,"GBA Bowser's Castle 2, GCN Dino Dino Jungle R, GCN Dino Dino Jungle R/T, RMX Choco Island 1T, SNES Donut Plains 1, SNES Donut Plains 1R, SNES Koopa Troopa Beach 2, SNES Mario Circuit 1T",N64 Koopa Troopa Beach R/T,3DS Toad Circuit R,,FALSE,FALSE,FALSE,FALSE,FALSE,FALSE,FALSE,FALSE,FALSE,FALSE,FALSE,TRUE,FALSE,FALSE,FALSE,FALSE,FALSE
46,Green Shy Guy,Super,Triple Green Shells,2021-04-14,Ninja Tour,FALSE,FALSE,"GCN Yoshi Circuit, GCN Yoshi Circuit R, SNES Koopa Troopa Beach 2R, N64 Koopa Troopa Beach, Sydney Sprint R/T, GCN Dino Dino Jungle T, Wii Maple Treeway R, 3DS Shy Guy Bazaar R/T, GCN Dino Dino Jungle R/T",SNES Koopa Troopa Beach 2T,Ninja Hideaway R,,FALSE,FALSE,FALSE,FALSE,FALSE,FALSE,FALSE,FALSE,FALSE,FALSE,FALSE,FALSE,FALSE,FALSE,FALSE,FALSE,FALSE
47,Metal Mario,High-End,Fire Flower,2019-09-25,New York Tour,TRUE,FALSE,"3DS Rock Rock Mountain R, 3DS Shy Guy Bazaar, DS DK Pass T, GBA Bowser's Castle 2R/T, N64 Frappe Snowland R, RMX Mario Circuit 1, RMX Rainbow Road 1R, SNES Mario Circuit 2R, SNES Rainbow Road, SNES Rainbow Road T, Tokyo Blur 4R","3DS Toad Circuit, SNES Rainbow Road R","DS Waluigi Pinball, SNES Vanilla Lake 1R",,FALSE,FALSE,FALSE,FALSE,FALSE,TRUE,TRUE,FALSE,FALSE,FALSE,FALSE,TRUE,FALSE,FALSE,FALSE,FALSE,FALSE
48,Peachette,High-End,Mushroom Cannon,2019-09-25,New York Tour,TRUE,FALSE,"3DS Mario Circuit R/T, 3DS Toad Circuit, 3DS Toad Circuit T, DS Waluigi Pinball T, GCN Dino Dino Jungle R, N64 Royal Raceway, SNES Choco Island 1R, SNES Donut Plains 1R/T, SNES Mario Circuit 1","3DS Rainbow Road T, GCN Yoshi Circuit T","DS Luigi's Mansion, SNES Donut Plains 1",,FALSE,TRUE,TRUE,TRUE,FALSE,TRUE,FALSE,FALSE,FALSE,FALSE,FALSE,FALSE,TRUE,FALSE,TRUE,FALSE,FALSE
49,Pauline,High-End,Lucky Seven,2019-09-25,New York Tour,TRUE,FALSE,"3DS Daisy Hills R/T, DS Luigi's Mansion R, DS Waluigi Pinball R/T, DS Waluigi Pinball T, London Loop T, New York Minute, New York Minute 2, New York Minute 2R, New York Minute 3, New York Minute 3T, New York Minute R/T, SNES Choco Island 1","3DS Neo Bowser City R/T, SNES Rainbow Road R/T","3DS Shy Guy Bazaar R, RMX Choco Island 1R",,FALSE,FALSE,TRUE,TRUE,FALSE,FALSE,FALSE,FALSE,FALSE,FALSE,FALSE,FALSE,FALSE,FALSE,FALSE,FALSE,FALSE
50,Mario (Musician),High-End,Double Bob-ombs,2019-09-25,New York Tour,FALSE,FALSE,"3DS Daisy Hills, DS Waluigi Pinball R, GCN Yoshi Circuit R, New York Minute 2R/T, New York Minute 3R, New York Minute 3R/T, New York Minute R, New York Minute T, Paris Promenade 2R/T, RMX Rainbow Road 1T, SNES Donut Plains 1R, SNES Mario Circuit 3","3DS Neo Bowser City R/T, SNES Mario Circuit 3R","3DS Neo Bowser City T, DS Luigi's Mansion",,FALSE,FALSE,FALSE,FALSE,FALSE,TRUE,TRUE,FALSE,FALSE,FALSE,FALSE,TRUE,FALSE,FALSE,FALSE,FALSE,TRUE
51,Peach (Kimono),High-End,Mushroom Cannon,2019-10-09,Tokyo Tour,FALSE,FALSE,"3DS Daisy Hills R, DS Waluigi Pinball, N64 Royal Raceway R, Paris Promenade 2R/T, RMX Rainbow Road 2R, SNES Donut Plains 1R, SNES Donut Plains 1R/T, SNES Mario Circuit 2R, SNES Mario Circuit 3T, Tokyo Blur 3T, Tokyo Blur R, Tokyo Blur T","3DS Mario Circuit R, SNES Mario Circuit 1","N64 Royal Raceway, SNES Rainbow Road",,FALSE,FALSE,TRUE,TRUE,FALSE,FALSE,FALSE,FALSE,FALSE,FALSE,FALSE,FALSE,TRUE,FALSE,FALSE,FALSE,FALSE
52,Mario (Hakama),High-End,Coin Box,2019-10-09,Tokyo Tour,FALSE,FALSE,"3DS Mario Circuit T, DS Waluigi Pinball R, GBA Bowser's Castle 1T, New York Minute 3R/T, RMX Mario Circuit 1R/T, SNES Mario Circuit 1, SNES Mario Circuit 1T, SNES Mario Circuit 2, SNES Mario Circuit 3R, Tokyo Blur, Tokyo Blur 3R, Tokyo Blur 3T, Tokyo Blur R/T","DS Waluigi Pinball, SNES Rainbow Road T","SNES Ghost Valley 1T, SNES Mario Circuit 1R",,FALSE,FALSE,FALSE,FALSE,FALSE,TRUE,FALSE,FALSE,FALSE,FALSE,FALSE,TRUE,FALSE,FALSE,FALSE,FALSE,FALSE
53,Rosalina (Halloween),High-End,Dash Ring,2019-10-23,Halloween Tour (2019),FALSE,FALSE,"3DS Rosalina's Ice World T, 3DS Shy Guy Bazaar, DS DK Pass R/T, DS Luigi's Mansion, New York Minute 3T, SNES Choco Island 2, SNES Ghost Valley 1, SNES Ghost Valley 1T, SNES Rainbow Road R/T, Tokyo Blur 2R/T, Wii Maple Treeway R","3DS Neo Bowser City, SNES Rainbow Road T","N64 Frappe Snowland T, SNES Ghost Valley 1R",,FALSE,FALSE,TRUE,TRUE,FALSE,FALSE,TRUE,FALSE,FALSE,FALSE,FALSE,FALSE,TRUE,FALSE,FALSE,FALSE,FALSE
54,Peach (Vacation),High-End,Coin Box,2019-11-06,Paris Tour,FALSE,FALSE,"3DS Cheep Cheep Lagoon R/T, 3DS Daisy Hills T, 3DS Mario Circuit R, 3DS Toad Circuit R, N64 Koopa Troopa Beach, N64 Koopa Troopa Beach R/T, N64 Koopa Troopa Beach T, N64 Royal Raceway R, Paris Promenade, Paris Promenade 2R, Paris Promenade R/T, SNES Mario Circuit 1R, SNES Mario Circuit 3, Wii Maple Treeway R","3DS Cheep Cheep Lagoon R, GCN Yoshi Circuit R/T","3DS Rainbow Road R, SNES Mario Circuit 1",,FALSE,FALSE,TRUE,TRUE,FALSE,FALSE,TRUE,FALSE,FALSE,FALSE,FALSE,FALSE,FALSE,FALSE,TRUE,FALSE,TRUE
55,Mario (Santa),High-End,Fire Flower,2019-11-20,Winter Tour (2019),FALSE,FALSE,"3DS Mario Circuit R/T, 3DS Rosalina's Ice World T, DS DK Pass, DS Luigi's Mansion, Merry Mountain R, Paris Promenade, Paris Promenade R, SNES Mario Circuit 1R, SNES Mario Circuit 1R/T, SNES Rainbow Road R, SNES Rainbow Road T, SNES Vanilla Lake 1T","DS DK Pass R/T, SNES Mario Circuit 3R","DS DK Pass R, SNES Choco Island 2",,FALSE,FALSE,FALSE,FALSE,FALSE,TRUE,TRUE,FALSE,FALSE,FALSE,FALSE,TRUE,FALSE,FALSE,FALSE,FALSE,FALSE
56,Pink Gold Peach,High-End,Coin Box,2019-11-20,Winter Tour (2019),FALSE,FALSE,"3DS Rainbow Road R/T, 3DS Rainbow Road T, DS DK Pass T, DS Luigi's Mansion T, DS Waluigi Pinball R/T, GCN Yoshi Circuit R/T, N64 Choco Mountain, N64 Kalimari Desert 2R, N64 Royal Raceway T, RMX Choco Island 1, RMX Choco Island 2R, SNES Rainbow Road R/T, SNES Rainbow Road T","SNES Mario Circuit 1, SNES Mario Circuit 3T","N64 Royal Raceway, N64 Royal Raceway R",,FALSE,TRUE,TRUE,TRUE,FALSE,TRUE,FALSE,FALSE,FALSE,FALSE,FALSE,FALSE,FALSE,FALSE,TRUE,FALSE,FALSE
57,Daisy (Holiday Cheer),High-End,Lucky Seven,2019-12-04,London Tour,FALSE,FALSE,"3DS Daisy Hills R, 3DS Shy Guy Bazaar T, 3DS Toad Circuit R/T, GBA Sunset Wilds R/T, London Loop, London Loop R/T, Merry Mountain R, N64 Koopa Troopa Beach R, RMX Choco Island 1T, SNES Donut Plains 2R/T, SNES Mario Circuit 3R, Tokyo Blur 3T","3DS Daisy Hills T, SNES Choco Island 2R","DS Luigi's Mansion R, RMX Mario Circuit 1T",,FALSE,FALSE,TRUE,TRUE,FALSE,TRUE,TRUE,FALSE,FALSE,FALSE,FALSE,FALSE,FALSE,FALSE,FALSE,FALSE,FALSE
58,Yoshi (Reindeer),High-End,Yoshi's Egg,2019-12-18,Holiday Tour,FALSE,FALSE,"3DS Rock Rock Mountain, GCN Dino Dino Jungle, GCN Yoshi Circuit, GCN Yoshi Circuit T, London Loop 2R/T, Merry Mountain T, N64 Koopa Troopa Beach R/T, New York Minute 2, New York Minute 2T, RMX Rainbow Road 1R, RMX Rainbow Road 1T, SNES Vanilla Lake 1T, Tokyo Blur 3, Tokyo Blur 3R, Vancouver Velocity R/T","3DS Shy Guy Bazaar T, GCN Dino Dino Jungle R/T","N64 Frappe Snowland, N64 Frappe Snowland R",,FALSE,FALSE,FALSE,FALSE,TRUE,FALSE,FALSE,FALSE,TRUE,FALSE,FALSE,FALSE,FALSE,TRUE,FALSE,FALSE,FALSE
59,Pauline (Party Time),High-End,Coin Box,2019-12-18,Holiday Tour,FALSE,FALSE,"3DS Neo Bowser City R/T, 3DS Rainbow Road R, 3DS Shy Guy Bazaar R/T, DS Waluigi Pinball, London Loop 2R/T, Los Angeles Laps, N64 Frappe Snowland R, N64 Kalimari Desert 2, N64 Royal Raceway, New York Minute 2R, New York Minute 2R/T, New York Minute 2T, New York Minute 3, RMX Rainbow Road 2R, SNES Rainbow Road","DS DK Pass R, GBA Bowser's Castle 1R/T","N64 Kalimari Desert 2R, N64 Royal Raceway T",,FALSE,FALSE,TRUE,TRUE,FALSE,TRUE,FALSE,FALSE,FALSE,FALSE,FALSE,FALSE,FALSE,FALSE,FALSE,FALSE,FALSE
60,Mario (Happi),High-End,Bob-omb Cannon,2020-01-01,New Year's Tour,FALSE,FALSE,"3DS Cheep Cheep Lagoon R/T, 3DS Rainbow Road, 3DS Rock Rock Mountain R, N64 Koopa Troopa Beach T, RMX Rainbow Road 1, SNES Mario Circuit 1, SNES Mario Circuit 2, SNES Mario Circuit 2R, SNES Mario Circuit 3T, Tokyo Blur 2, Tokyo Blur 2R, Tokyo Blur 3, Tokyo Blur 4T, Tokyo Blur R","3DS Rock Rock Mountain, SNES Ghost Valley 1R/T","3DS Cheep Cheep Lagoon, N64 Royal Raceway R",,FALSE,FALSE,FALSE,FALSE,FALSE,TRUE,FALSE,FALSE,FALSE,FALSE,FALSE,TRUE,FALSE,FALSE,TRUE,FALSE,FALSE
61,Toad (Party Time),High-End,Mushroom Cannon,2020-01-01,New Year's Tour,FALSE,FALSE,"3DS Mario Circuit R, 3DS Toad Circuit R, 3DS Toad Circuit R/T, 3DS Toad Circuit T, Berlin Byways 2R/T, Los Angeles Laps, N64 Koopa Troopa Beach R, SNES Choco Island 2R/T, SNES Mario Circuit 2R/T, SNES Mario Circuit 3R/T, Tokyo Blur, Tokyo Blur 2R, Wii Maple Treeway","DS DK Pass R/T, SNES Mario Circuit 1R/T","N64 Kalimari Desert 2T, SNES Mario Circuit 2",,FALSE,FALSE,FALSE,FALSE,FALSE,FALSE,TRUE,FALSE,FALSE,FALSE,FALSE,TRUE,TRUE,FALSE,FALSE,FALSE,FALSE
62,Peach (Wintertime),High-End,Dash Ring,2020-01-15,New Year's Tour,FALSE,FALSE,"3DS Mario Circuit R/T, GCN Yoshi Circuit, GCN Yoshi Circuit T, London Loop 2R/T, N64 Frappe Snowland, N64 Frappe Snowland R/T, N64 Frappe Snowland T, N64 Royal Raceway T, Paris Promenade R, RMX Choco Island 1R, SNES Choco Island 2T, SNES Vanilla Lake 1T, Tokyo Blur 4R","RMX Choco Island 1T, SNES Choco Island 2R","RMX Choco Island 1, RMX Mario Circuit 1",,FALSE,FALSE,TRUE,TRUE,FALSE,TRUE,TRUE,FALSE,FALSE,FALSE,FALSE,FALSE,TRUE,FALSE,FALSE,FALSE,FALSE
63,Penguin Luigi,High-End,Ice Flower,2020-01-15,New Year's Tour,FALSE,FALSE,"3DS Mario Circuit R/T, 3DS Rock Rock Mountain R, 3DS Rosalina's Ice World T, Berlin Byways 2R, Berlin Byways 2T, DS DK Pass, DS DK Pass R, DS DK Pass R/T, DS Waluigi Pinball R/T, London Loop R, Merry Mountain, N64 Frappe Snowland T, RMX Choco Island 1R, RMX Mario Circuit 1R, RMX Rainbow Road 1R/T, RMX Rainbow Road 1T, SNES Donut Plains 2T, SNES Koopa Troopa Beach 2, SNES Mario Circuit 2R/T, SNES Vanilla Lake 1","3DS Rainbow Road R/T, DS Luigi's Mansion R","3DS Rock Rock Mountain, SNES Koopa Troopa Beach 2T",,FALSE,FALSE,FALSE,FALSE,FALSE,FALSE,TRUE,FALSE,FALSE,FALSE,FALSE,TRUE,FALSE,FALSE,FALSE,FALSE,FALSE
64,Ice Mario,High-End,Ice Flower,2020-01-15,New Year's Tour,FALSE,FALSE,"3DS Neo Bowser City R/T, 3DS Rainbow Road R, 3DS Rainbow Road R/T, 3DS Rainbow Road T, 3DS Rosalina's Ice World R, DS DK Pass R/T, N64 Frappe Snowland R/T, SNES Donut Plains 2R, SNES Koopa Troopa Beach 2T, SNES Mario Circuit 1R/T, SNES Mario Circuit 2R/T, SNES Rainbow Road, SNES Rainbow Road R, SNES Vanilla Lake 1, SNES Vanilla Lake 1R, Vancouver Velocity T","3DS Mario Circuit R/T, SNES Koopa Troopa Beach 2R","RMX Mario Circuit 1, SNES Vanilla Lake 1T",,FALSE,FALSE,FALSE,FALSE,FALSE,TRUE,TRUE,FALSE,FALSE,FALSE,FALSE,TRUE,FALSE,FALSE,FALSE,FALSE,FALSE
65,Baby Peach (Cherub),High-End,Heart,2020-01-29,Valentine's Tour,FALSE,FALSE,"GCN Yoshi Circuit R/T, GCN Yoshi Circuit T, London Loop 2R, N64 Frappe Snowland R/T, Paris Promenade 2, Paris Promenade 2R/T, RMX Choco Island 1R, RMX Choco Island 2T, RMX Rainbow Road 2T, SNES Choco Island 1R, SNES Choco Island 1T, SNES Choco Island 2, SNES Donut Plains 1R, SNES Donut Plains 2, SNES Donut Plains 2R, SNES Donut Plains 2R/T, SNES Mario Circuit 1, SNES Mario Circuit 2R/T, SNES Rainbow Road R","DS DK Pass T, SNES Rainbow Road R/T","N64 Frappe Snowland T, RMX Choco Island 1",,TRUE,TRUE,TRUE,FALSE,FALSE,FALSE,FALSE,FALSE,FALSE,FALSE,FALSE,FALSE,FALSE,FALSE,TRUE,FALSE,FALSE
66,Rosalina (Aurora),High-End,Ice Flower,2020-02-12,Vancouver Tour,FALSE,FALSE,"3DS Mario Circuit T, 3DS Rainbow Road, 3DS Rainbow Road R, 3DS Rainbow Road R/T, Berlin Byways 2R, London Loop 2R, N64 Choco Mountain R, N64 Choco Mountain T, N64 Frappe Snowland R, N64 Frappe Snowland T, RMX Mario Circuit 1R, RMX Rainbow Road 1, RMX Rainbow Road 2R, SNES Vanilla Lake 1R/T, Vancouver Velocity, Vancouver Velocity R, Vancouver Velocity R/T","N64 Frappe Snowland, N64 Frappe Snowland R/T","DS DK Pass, RMX Rainbow Road 1R",,FALSE,TRUE,TRUE,TRUE,FALSE,TRUE,FALSE,FALSE,FALSE,FALSE,FALSE,FALSE,FALSE,FALSE,FALSE,FALSE,FALSE
67,Mario (Classic),High-End,Triple Mushrooms,2020-02-26,Mario Bros. Tour,FALSE,FALSE,"GBA Sunset Wilds R, GBA Sunset Wilds R/T, London Loop R/T, London Loop T, RMX Mario Circuit 1, RMX Mario Circuit 1R, RMX Mario Circuit 1R/T, RMX Mario Circuit 1T, SNES Mario Circuit 1, SNES Mario Circuit 2, SNES Mario Circuit 2R/T, SNES Mario Circuit 2T, Tokyo Blur 4T","SNES Mario Circuit 2R, SNES Vanilla Lake 1","SNES Donut Plains 1T, SNES Mario Circuit 3",,FALSE,FALSE,FALSE,FALSE,FALSE,TRUE,TRUE,FALSE,FALSE,FALSE,FALSE,TRUE,FALSE,FALSE,FALSE,FALSE,FALSE
68,Luigi (Classic),High-End,Lucky Seven,2020-02-26,Mario Bros. Tour,FALSE,FALSE,"3DS Mario Circuit R/T, DS Luigi's Mansion R, DS Luigi's Mansion R/T, GBA Sunset Wilds, London Loop, London Loop T, Merry Mountain, Paris Promenade, SNES Donut Plains 1R/T, SNES Mario Circuit 2R, SNES Mario Circuit 2T, SNES Mario Circuit 3T, Wii Maple Treeway T","N64 Frappe Snowland R, SNES Mario Circuit 1T","3DS Toad Circuit R, SNES Vanilla Lake 1R",,FALSE,FALSE,FALSE,FALSE,FALSE,TRUE,TRUE,FALSE,FALSE,FALSE,FALSE,TRUE,FALSE,FALSE,FALSE,FALSE,FALSE
69,Baby Rosalina (Detective),High-End,Dash Ring,2020-03-11,Baby Rosalina Tour,FALSE,FALSE,"3DS Daisy Hills R/T, 3DS Shy Guy Bazaar T, Berlin Byways 2R, Berlin Byways 2R/T, DS Luigi's Mansion R/T, GCN Yoshi Circuit R/T, London Loop 2, London Loop 2R, London Loop 2R/T, London Loop R, N64 Frappe Snowland, N64 Frappe Snowland R, Paris Promenade 2, RMX Choco Island 1, RMX Choco Island 2R, RMX Mario Circuit 1T, Tokyo Blur 2, Tokyo Blur 2T, Tokyo Blur R, Tokyo Blur T, Vancouver Velocity T","3DS Daisy Hills, RMX Mario Circuit 1R/T","DS Luigi's Mansion T, RMX Choco Island 1R",,TRUE,FALSE,FALSE,FALSE,FALSE,FALSE,TRUE,FALSE,FALSE,FALSE,FALSE,FALSE,TRUE,FALSE,TRUE,FALSE,FALSE
70,Yoshi (Egg Hunt),High-End,Yoshi's Egg,2020-04-08,Yoshi Tour (2020),FALSE,FALSE,"3DS Cheep Cheep Lagoon R/T, 3DS Daisy Hills, GBA Sunset Wilds R, GCN Dino Dino Jungle R/T, GCN Yoshi Circuit, GCN Yoshi Circuit R, GCN Yoshi Circuit R/T, RMX Mario Circuit 1R, RMX Mario Circuit 1R/T, SNES Mario Circuit 2, SNES Mario Circuit 2R, Tokyo Blur R, Tokyo Blur T, Wii Maple Treeway T","GCN Dino Dino Jungle T, SNES Mario Circuit 2T","3DS Cheep Cheep Lagoon T, SNES Donut Plains 1R/T",,FALSE,FALSE,FALSE,FALSE,TRUE,FALSE,FALSE,TRUE,FALSE,FALSE,FALSE,FALSE,FALSE,TRUE,FALSE,FALSE,FALSE
71,Black Yoshi,High-End,Double Bob-ombs,2020-04-15,Yoshi Tour (2020),FALSE,FALSE,"3DS Daisy Hills, 3DS Daisy Hills R/T, 3DS Daisy Hills T, 3DS Rock Rock Mountain T, 3DS Toad Circuit, DS DK Pass R/T, GBA Sunset Wilds, GBA Sunset Wilds T, GCN Yoshi Circuit R, N64 Choco Mountain T, Paris Promenade 2, RMX Mario Circuit 1R/T, SNES Donut Plains 1R/T, SNES Donut Plains 2R, SNES Ghost Valley 1R, SNES Ghost Valley 1T, SNES Koopa Troopa Beach 2T, Tokyo Blur 3R, Tokyo Blur 3T, Wii DK Summit R","3DS Daisy Hills R, GCN Yoshi Circuit","N64 Choco Mountain, SNES Ghost Valley 1",,FALSE,FALSE,FALSE,FALSE,TRUE,FALSE,FALSE,FALSE,FALSE,FALSE,FALSE,FALSE,FALSE,TRUE,FALSE,FALSE,FALSE
72,Builder Mario,High-End,Hammer,2020-04-22,Trick Tour (2020),FALSE,FALSE,"3DS Mario Circuit R/T, GBA Bowser's Castle 1T, GBA Sunset Wilds T, London Loop R/T, Los Angeles Laps R/T, Los Angeles Laps T, N64 Kalimari Desert T, RMX Choco Island 1R, RMX Mario Circuit 1T, SNES Choco Island 2R/T, SNES Koopa Troopa Beach 2T, SNES Mario Circuit 1R/T, SNES Mario Circuit 1T, Tokyo Blur 4R/T, Tokyo Blur R/T","3DS Daisy Hills R/T, 3DS Daisy Hills T","3DS Toad Circuit T, RMX Choco Island 1T",,FALSE,FALSE,FALSE,FALSE,FALSE,TRUE,FALSE,TRUE,FALSE,FALSE,FALSE,TRUE,FALSE,FALSE,FALSE,FALSE,FALSE
73,Builder Toad,High-End,Bob-omb Cannon,2020-04-22,Trick Tour (2020),FALSE,FALSE,"3DS Cheep Cheep Lagoon T, 3DS Toad Circuit R/T, 3DS Toad Circuit T, GCN Dino Dino Jungle T, GCN Yoshi Circuit T, Merry Mountain T, N64 Royal Raceway R/T, New York Minute 3R/T, New York Minute 3T, RMX Rainbow Road 1R/T, RMX Rainbow Road 1T, SNES Choco Island 2R/T, SNES Ghost Valley 1T, SNES Vanilla Lake 1R/T, Tokyo Blur 3T, Tokyo Blur 4T, Vancouver Velocity T, Wii DK Summit T","3DS Shy Guy Bazaar R/T, RMX Choco Island 1T","DS Waluigi Pinball T, RMX Choco Island 1",,FALSE,FALSE,FALSE,FALSE,FALSE,FALSE,FALSE,TRUE,FALSE,FALSE,FALSE,FALSE,FALSE,FALSE,FALSE,FALSE,FALSE
74,Daisy (Fairy),High-End,Heat,2020-05-06,Flower Tour,FALSE,FALSE,"3DS Mario Circuit R, 3DS Rainbow Road, DS Luigi's Mansion R/T, GBA Sunset Wilds R, RMX Choco Island 1, RMX Choco Island 2, RMX Mario Circuit 1T, SNES Choco Island 2, SNES Choco Island 2R, SNES Choco Island 2R/T, SNES Vanilla Lake 1, SNES Vanilla Lake 1R, SNES Vanilla Lake 1R/T, Tokyo Blur T, Wii Maple Treeway","3DS Daisy Hills R, N64 Koopa Troopa Beach R/T","GCN Yoshi Circuit R, RMX Choco Island 1R",,FALSE,FALSE,TRUE,TRUE,FALSE,FALSE,FALSE,FALSE,FALSE,FALSE,FALSE,FALSE,FALSE,FALSE,FALSE,FALSE,FALSE
75,Mario (Chef),High-End,Lucky Seven,2020-06-03,Cooking Tour,FALSE,FALSE,"3DS Mario Circuit R, DS Luigi's Mansion, N64 Choco Mountain, N64 Choco Mountain R, Paris Promenade 2, RMX Choco Island 1, RMX Choco Island 1R, RMX Mario Circuit 1, SNES Choco Island 1, SNES Choco Island 2, SNES Choco Island 2R, SNES Donut Plains 1, SNES Donut Plains 1R/T, SNES Mario Circuit 3R/T, Tokyo Blur 3, Wii DK Summit R","SNES Donut Plains 1T, SNES Mario Circuit 2","RMX Choco Island 1T, SNES Mario Circuit 3",,FALSE,FALSE,FALSE,FALSE,FALSE,TRUE,TRUE,FALSE,FALSE,FALSE,FALSE,TRUE,FALSE,FALSE,FALSE,FALSE,TRUE
76,Peach (Wedding),High-End,Triple Mushrooms,2020-06-17,Peach Tour,FALSE,FALSE,"3DS Daisy Hills R, 3DS Shy Guy Bazaar, 3DS Toad Circuit R, Berlin Byways 2T, GBA Sunset Wilds T, London Loop, Los Angeles Laps R, N64 Royal Raceway, N64 Royal Raceway R, RMX Choco Island 2, RMX Choco Island 2T, RMX Mario Circuit 1, RMX Mario Circuit 1R/T, RMX Rainbow Road 2, SNES Donut Plains 1, SNES Donut Plains 1R, SNES Rainbow Road, SNES Rainbow Road R","3DS Daisy Hills, 3DS Toad Circuit","3DS Shy Guy Bazaar R, SNES Koopa Troopa Beach 2",,FALSE,TRUE,TRUE,TRUE,FALSE,TRUE,FALSE,FALSE,FALSE,FALSE,FALSE,FALSE,FALSE,FALSE,FALSE,FALSE,FALSE
77,Rosalina (Swimwear),High-End,Coin Box,2020-07-01,Marine Tour,FALSE,FALSE,"GCN Yoshi Circuit R/T, Los Angeles Laps T, N64 Frappe Snowland R, N64 Koopa Troopa Beach, N64 Koopa Troopa Beach R/T, N64 Royal Raceway R, N64 Royal Raceway T, RMX Rainbow Road 1, SNES Choco Island 1, SNES Choco Island 1T, SNES Donut Plains 1T, SNES Koopa Troopa Beach 2, SNES Rainbow Road R/T","3DS Mario Circuit R/T, 3DS Rainbow Road","N64 Choco Mountain T, RMX Mario Circuit 1R",,FALSE,FALSE,TRUE,TRUE,FALSE,FALSE,FALSE,FALSE,FALSE,FALSE,FALSE,FALSE,FALSE,FALSE,FALSE,FALSE,FALSE
78,Mario (Swimwear),High-End,Dash Ring,2020-07-01,Marine Tour,FALSE,FALSE,"3DS Cheep Cheep Lagoon, 3DS Mario Circuit R/T, DS Airship Fortress, Los Angeles Laps, Los Angeles Laps R, RMX Choco Island 1R, RMX Mario Circuit 1, RMX Mario Circuit 1R, SNES Koopa Troopa Beach 2R, SNES Koopa Troopa Beach 2T, SNES Mario Circuit 1R, SNES Mario Circuit 2T, SNES Mario Circuit 3, SNES Vanilla Lake 1R/T","3DS Cheep Cheep Lagoon R, SNES Mario Circuit 1T","DS Airship Fortress R, DS Airship Fortress T",,FALSE,FALSE,FALSE,FALSE,FALSE,TRUE,FALSE,FALSE,FALSE,FALSE,FALSE,TRUE,FALSE,FALSE,TRUE,FALSE,FALSE
79,Captain Toad,High-End,Hammer,2020-07-15,Exploration Tour,FALSE,FALSE,"3DS Cheep Cheep Lagoon R, 3DS Cheep Cheep Lagoon T, 3DS Toad Circuit R/T, 3DS Toad Circuit T, GBA Bowser's Castle 1, GBA Sunset Wilds R, Merry Mountain, N64 Choco Mountain, N64 Choco Mountain R, N64 Kalimari Desert 2T, RMX Choco Island 1R, RMX Choco Island 2, SNES Koopa Troopa Beach 2, SNES Mario Circuit 3R, Wii DK Summit R","3DS Cheep Cheep Lagoon R/T, GBA Bowser's Castle 1R","DS Airship Fortress, N64 Kalimari Desert 2",,FALSE,FALSE,FALSE,FALSE,FALSE,FALSE,FALSE,FALSE,FALSE,FALSE,FALSE,FALSE,FALSE,FALSE,FALSE,FALSE,TRUE
80,Toadette (Explorer),High-End,Double Bob-ombs,2020-07-15,Exploration Tour,FALSE,FALSE,"3DS Daisy Hills, 3DS Daisy Hills R, 3DS Rock Rock Mountain, 3DS Toad Circuit, 3DS Toad Circuit R, GBA Sunset Wilds R/T, N64 Choco Mountain T, N64 Kalimari Desert 2R, N64 Kalimari Desert R, N64 Kalimari Desert R/T, N64 Koopa Troopa Beach T, N64 Royal Raceway, N64 Royal Raceway R, SNES Choco Island 2T, Wii DK Summit","3DS Rainbow Road R/T, GCN Dino Dino Jungle","N64 Choco Mountain R, N64 Kalimari Desert 2",,FALSE,FALSE,FALSE,FALSE,FALSE,FALSE,FALSE,FALSE,FALSE,FALSE,FALSE,FALSE,FALSE,FALSE,FALSE,FALSE,TRUE
81,Daisy (Yukata),High-End,Fire Flower,2020-08-26,Summer Festival Tour,FALSE,FALSE,"3DS Daisy Hills, 3DS Daisy Hills R, 3DS Daisy Hills R/T, 3DS Shy Guy Bazaar R, 3DS Shy Guy Bazaar R/T, DS Airship Fortress, DS Waluigi Pinball R, N64 Koopa Troopa Beach R/T, RMX Rainbow Road 1R, RMX Rainbow Road 1T, SNES Donut Plains 1R/T, SNES Ghost Valley 1R/T, SNES Koopa Troopa Beach 2T, Tokyo Blur, Tokyo Blur 3, Tokyo Blur 3R, Tokyo Blur 4","3DS Shy Guy Bazaar, SNES Koopa Troopa Beach 2R","N64 Kalimari Desert R, SNES Koopa Troopa Beach 2",,FALSE,FALSE,TRUE,TRUE,FALSE,FALSE,FALSE,FALSE,FALSE,FALSE,FALSE,FALSE,TRUE,FALSE,FALSE,FALSE,FALSE
82,Mario (SNES),High-End,Triple Mushrooms,2020-09-09,Super Mario Kart Tour,FALSE,FALSE,"Berlin Byways 2T, GCN Yoshi Circuit, GCN Yoshi Circuit T, N64 Royal Raceway T, New York Minute 3, RMX Rainbow Road 1, RMX Rainbow Road 1R, RMX Rainbow Road 2T, SNES Choco Island 2T, SNES Ghost Valley 1R/T, SNES Mario Circuit 1R/T, SNES Rainbow Road R/T, SNES Rainbow Road T, Tokyo Blur 4R/T, Tokyo Blur R/T","GCN Yoshi Circuit R, SNES Mario Circuit 1","RMX Rainbow Road 1T, SNES Vanilla Lake 1T",,FALSE,FALSE,FALSE,FALSE,FALSE,TRUE,TRUE,FALSE,FALSE,FALSE,FALSE,TRUE,FALSE,FALSE,FALSE,FALSE,FALSE
83,Mario (Sunshine),High-End,Giant Banana,2020-09-23,Los Angelas Tour,FALSE,FALSE,"London Loop T, Los Angeles Laps, N64 Kalimari Desert 2, N64 Koopa Troopa Beach, N64 Koopa Troopa Beach T, New York Minute 3T, Paris Promenade T, RMX Choco Island 1T, RMX Mario Circuit 1R/T, RMX Mario Circuit 1T, RMX Rainbow Road 1T, RMX Rainbow Road 2T, SNES Choco Island 2R, SNES Choco Island 2T, SNES Donut Plains 2T, Tokyo Blur R/T, Vancouver Velocity T","N64 Choco Mountain T, N64 Kalimari Desert 2T","3DS Cheep Cheep Lagoon R/T, SNES Rainbow Road R",,FALSE,FALSE,FALSE,FALSE,FALSE,TRUE,TRUE,FALSE,FALSE,FALSE,FALSE,TRUE,FALSE,FALSE,TRUE,FALSE,FALSE
84,Mario (Halloween),High-End,Lucky Seven,2020-10-21,Halloween Tour (2020),FALSE,FALSE,"3DS Mario Circuit T, 3DS Neo Bowser City R, DS Luigi's Mansion R, DS Luigi's Mansion T, GBA Sunset Wilds R/T, Merry Mountain T, RMX Mario Circuit 1R/T, RMX Rainbow Road 2T, SNES Mario Circuit 1, SNES Mario Circuit 1R, SNES Mario Circuit 3, Wii DK Summit R, Wii Maple Treeway","N64 Frappe Snowland, N64 Kalimari Desert","3DS Rainbow Road R/T, Wii Maple Treeway T",,FALSE,FALSE,FALSE,FALSE,FALSE,TRUE,FALSE,TRUE,FALSE,FALSE,FALSE,TRUE,FALSE,FALSE,FALSE,FALSE,FALSE
85,Peach (Halloween),High-End,Fire Flower,2020-10-21,Halloween Tour (2020),FALSE,FALSE,"3DS Neo Bowser City R/T, 3DS Rosalina's Ice World R, Berlin Byways 2, DS Airship Fortress, DS Luigi's Mansion T, Merry Mountain, N64 Frappe Snowland, N64 Royal Raceway, N64 Royal Raceway R/T, N64 Royal Raceway T, Paris Promenade 2T, RMX Rainbow Road 2, SNES Ghost Valley 1, SNES Mario Circuit 2T, SNES Rainbow Road R/T, Wii Maple Treeway T","3DS Rainbow Road R/T, Wii Maple Treeway R","DS Luigi's Mansion R, N64 Frappe Snowland R",,FALSE,TRUE,TRUE,TRUE,FALSE,TRUE,TRUE,FALSE,FALSE,FALSE,FALSE,FALSE,FALSE,FALSE,TRUE,FALSE,FALSE
86,Peach (Explorer),High-End,Bob-omb Cannon,2020-11-04,Sunset Tour,FALSE,FALSE,"3DS Daisy Hills R, 3DS Rosalina's Ice World, GBA Sunset Wilds, GBA Sunset Wilds R/T, GCN Dino Dino Jungle R, GCN Dino Dino Jungle R/T, GCN Yoshi Circuit R, N64 Choco Mountain T, N64 Kalimari Desert, N64 Kalimari Desert 2, N64 Kalimari Desert 2T, N64 Kalimari Desert R/T, N64 Kalimari Desert T, N64 Royal Raceway T, SNES Donut Plains 2, SNES Ghost Valley 1R, Wii DK Summit, Wii Maple Treeway R","GCN Dino Dino Jungle T, N64 Kalimari Desert 2R","GBA Sunset Wilds T, GCN Dino Dino Jungle",,FALSE,FALSE,FALSE,TRUE,FALSE,TRUE,TRUE,FALSE,FALSE,FALSE,FALSE,FALSE,FALSE,FALSE,TRUE,FALSE,FALSE
87,Builder Luigi,High-End,Hammer,2020-11-18,Mario vs. Luigi Tour,FALSE,FALSE,"3DS Cheep Cheep Lagoon R/T, 3DS Daisy Hills T, 3DS Rosalina's Ice World T, 3DS Shy Guy Bazaar R/T, Berlin Byways 2T, DS Airship Fortress T, DS Waluigi Pinball T, GBA Sunset Wilds R/T, GCN Dino Dino Jungle T, N64 Koopa Troopa Beach R/T, Paris Promenade 2T, RMX Mario Circuit 1T, RMX Rainbow Road 1R/T, SNES Choco Island 1T, SNES Mario Circuit 3R/T, Tokyo Blur 4T, Wii Maple Treeway T","GCN Yoshi Circuit R/T, SNES Vanilla Lake 1R/T","DS Luigi's Mansion R/T, SNES Ghost Valley 1R/T",,FALSE,FALSE,FALSE,FALSE,FALSE,TRUE,FALSE,TRUE,FALSE,FALSE,FALSE,TRUE,FALSE,FALSE,FALSE,FALSE,FALSE
88,Fire Rosalina,High-End,Fire Flower,2020-12-16,Rosalina Tour,FALSE,FALSE,"3DS Rainbow Road, 3DS Rosalina's Ice World, DS Airship Fortress R, DS Airship Fortress T, GBA Sunset Wilds T, GCN Yoshi Circuit, N64 Kalimari Desert 2R, RMX Rainbow Road 1, RMX Rainbow Road 1R/T, RMX Rainbow Road 2R, SNES Ghost Valley 1, Wii Maple Treeway T","3DS Rosalina's Ice World R, Merry Mountain","GBA Bowser's Castle 2, SNES Rainbow Road R",,FALSE,TRUE,TRUE,TRUE,FALSE,FALSE,FALSE,FALSE,FALSE,FALSE,FALSE,FALSE,FALSE,FALSE,FALSE,FALSE,FALSE
89,Luigi (Lederhosen),High-End,Triple Mushrooms,2021-01-13,Berlin Tour,FALSE,FALSE,"3DS Mario Circuit R/T, 3DS Shy Guy Bazaar, Berlin Byways 2, Berlin Byways 2R/T, DS Airship Fortress, Merry Mountain, N64 Choco Mountain, N64 Choco Mountain R, N64 Kalimari Desert 2, N64 Kalimari Desert R, RMX Choco Island 2T, SNES Donut Plains 2R, SNES Mario Circuit 1T, Wii DK Summit T","DS Airship Fortress T, DS Waluigi Pinball T","DS Waluigi Pinball, SNES Mario Circuit 1",,FALSE,FALSE,FALSE,FALSE,FALSE,TRUE,TRUE,FALSE,FALSE,FALSE,FALSE,TRUE,FALSE,FALSE,FALSE,FALSE,FALSE
90,Cat Peach,High-End,Super Bell,2021-01-27,Cat Tour,FALSE,FALSE,"3DS Rosalina's Ice World T, DS Airship Fortress, GBA Sunset Wilds R/T, Merry Mountain, N64 Kalimari Desert 2, N64 Royal Raceway R/T, RMX Choco Island 2, RMX Rainbow Road 1, RMX Rainbow Road 1R/T, RMX Rainbow Road 1T, RMX Rainbow Road 2, SNES Donut Plains 2, Tokyo Blur 4R/T, Wii Maple Treeway","N64 Royal Raceway R, Wii Maple Treeway T","Merry Mountain T, SNES Donut Plains 2T",,FALSE,TRUE,FALSE,TRUE,FALSE,FALSE,FALSE,FALSE,FALSE,FALSE,FALSE,FALSE,FALSE,FALSE,FALSE,FALSE,FALSE
91,Cat Toad,High-End,Super Bell,2021-01-27,Cat Tour,FALSE,FALSE,"3DS Rosalina's Ice World R, 3DS Toad Circuit T, GBA Bowser's Castle 2R, GBA Sunset Wilds R/T, GCN Dino Dino Jungle, GCN Yoshi Circuit T, Merry Mountain R, Paris Promenade 2R, RMX Rainbow Road 1R/T, SNES Donut Plains 2R, Tokyo Blur 4","3DS Shy Guy Bazaar R, Paris Promenade 2","Merry Mountain, SNES Donut Plains 2",,FALSE,FALSE,FALSE,FALSE,FALSE,FALSE,FALSE,FALSE,FALSE,FALSE,FALSE,FALSE,FALSE,FALSE,FALSE,FALSE,FALSE
92,Pauline (Rose),High-End,Fire Flower,2021-02-14,Peach vs. Daisy Tour,FALSE,FALSE,"3DS Rainbow Road R, 3DS Rainbow Road R/T, RMX Choco Island 2T, RMX Rainbow Road 1, RMX Rainbow Road 1R, RMX Rainbow Road 2, RMX Rainbow Road 2T, SNES Choco Island 1T, SNES Donut Plains 2R, SNES Donut Plains 2R/T, SNES Donut Plains 2T, Tokyo Blur 4R/T, Tokyo Blur 4T, Wii Maple Treeway","RMX Choco Island 1, Wii Maple Treeway R","RMX Choco Island 2, SNES Donut Plains 2",,FALSE,FALSE,TRUE,TRUE,FALSE,FALSE,TRUE,FALSE,FALSE,FALSE,FALSE,FALSE,FALSE,FALSE,FALSE,FALSE,FALSE
93,Penguin Toad,High-End,Dash Ring,2021-02-24,Snow Tour,FALSE,FALSE,"3DS Toad Circuit R, 3DS Toad Circuit T, RMX Choco Island 2T, RMX Rainbow Road 2T, SNES Donut Plains 2R/T, SNES Vanilla Lake 1T, Tokyo Blur 4R, Wii DK Summit","N64 Frappe Snowland T, SNES Vanilla Lake 1R","3DS Rosalina's Ice World, Wii DK Summit R",,FALSE,FALSE,FALSE,FALSE,FALSE,FALSE,TRUE,FALSE,FALSE,FALSE,FALSE,FALSE,FALSE,FALSE,FALSE,FALSE,FALSE
94,Mario (Racing),High-End,Triple Mushrooms,2021-03-10,Mario Tour,FALSE,FALSE,"3DS Toad Circuit T, N64 Royal Raceway R/T, RMX Mario Circuit 1R/T, SNES Mario Circuit 1R, SNES Mario Circuit 1R/T, Tokyo Blur 4, Wii DK Summit T","3DS Toad Circuit R, RMX Mario Circuit 1T","SNES Mario Circuit 1, Tokyo Blur 4R/T",,FALSE,FALSE,FALSE,FALSE,FALSE,TRUE,FALSE,TRUE,FALSE,FALSE,FALSE,TRUE,FALSE,FALSE,FALSE,FALSE,FALSE
95,White Yoshi,High-End,Triple Mushrooms,2021-03-24,Yoshi Tour (2021),FALSE,FALSE,"3DS Toad Circuit R, N64 Royal Raceway R/T, RMX Mario Circuit 1, Tokyo Blur 4","GCN Yoshi Circuit T, RMX Mario Circuit 1R","3DS Toad Circuit, SNES Donut Plains 2R/T",,FALSE,FALSE,FALSE,FALSE,TRUE,FALSE,FALSE,FALSE,FALSE,FALSE,FALSE,FALSE,FALSE,TRUE,FALSE,FALSE,FALSE
96,Baby Mario (Koala),High-End,Heart,2021-04-21,Sydney Tour,FALSE,FALSE,"Sydney Sprint, 3DS Rosalina's Ice World T, Wii DK Summit T, Sydney Sprint R/T, RMX Choco Island 2, GCN Dino Dino Jungle, GCN Dino Dino Jungle R, GCN Dino Dino Jungle R/T, N64 Frappe Snowland R/T","RMX Choco Island 2T, N64 Koopa Troopa Beach R","N64 Koopa Troopa Beach T, Wii DK Summit",,TRUE,FALSE,FALSE,FALSE,FALSE,FALSE,TRUE,FALSE,FALSE,FALSE,FALSE,FALSE,FALSE,FALSE,FALSE,FALSE,FALSE
97,Builder Toadette,High-End,Hammer,2021-05-19,Trick Tour (2021),FALSE,FALSE,"RMX Choco Island 1R/T, DS Waluigi Pinball R/T, 3DS Rainbow Road R/T, SNES Donut Plains 1R/T, SNES Vanilla Lake 1R/T","3DS Daisy Hills R/T, GBA Sunset Wilds R/T","SNES Mario Circuit 1R/T, DS Airship Fortress R/T",,FALSE,FALSE,FALSE,FALSE,FALSE,FALSE,FALSE,TRUE,FALSE,FALSE,FALSE,FALSE,FALSE,FALSE,FALSE,FALSE,FALSE
98,Dry Bowser,High-End,Bowser's Shell,2019-09-25,New York Tour,TRUE,FALSE,"3DS Neo Bowser City R/T, 3DS Neo Bowser City T, 3DS Shy Guy Bazaar R, DS DK Pass R, GBA Bowser's Castle 1R, GBA Bowser's Castle 1R/T, GBA Bowser's Castle 2, GBA Bowser's Castle 2R, GCN Dino Dino Jungle, GCN Dino Dino Jungle T, N64 Choco Mountain R, New York Minute 3T","DS DK Pass R/T, GBA Bowser's Castle 2T","3DS Rock Rock Mountain T, RMX Mario Circuit 1T",,FALSE,FALSE,FALSE,FALSE,FALSE,FALSE,FALSE,FALSE,TRUE,FALSE,FALSE,FALSE,FALSE,TRUE,FALSE,FALSE,FALSE
99,King Boo (Luigi's Mansion),High-End,Bob-omb Cannon,2019-10-23,Halloween Tour (2019),FALSE,FALSE,"3DS Rock Rock Mountain T, 3DS Shy Guy Bazaar T, DS Airship Fortress T, DS Luigi's Mansion T, GBA Bowser's Castle 1, RMX Choco Island 2R, RMX Rainbow Road 2R, SNES Ghost Valley 1, SNES Ghost Valley 1R, SNES Rainbow Road R/T","DS Luigi's Mansion R, GBA Bowser's Castle 2","3DS Rock Rock Mountain R, DS DK Pass T",,FALSE,TRUE,FALSE,FALSE,TRUE,FALSE,FALSE,FALSE,FALSE,FALSE,FALSE,FALSE,FALSE,FALSE,FALSE,FALSE,FALSE
100,Shy Guy (Pastry Chef),High-End,Mushroom Cannon,2019-11-06,Paris Tour,FALSE,FALSE,"3DS Neo Bowser City R, 3DS Shy Guy Bazaar R, Berlin Byways 2, Berlin Byways 2R, DS Luigi's Mansion R/T, N64 Choco Mountain T, N64 Kalimari Desert, N64 Koopa Troopa Beach R, N64 Koopa Troopa Beach T, New York Minute 3R, New York Minute 3R/T, Paris Promenade R, Paris Promenade T, RMX Choco Island 2R, RMX Mario Circuit 1T, SNES Choco Island 1R, Tokyo Blur 2R/T","N64 Kalimari Desert R/T, SNES Choco Island 2R","3DS Rock Rock Mountain T, N64 Choco Mountain",,FALSE,FALSE,FALSE,FALSE,FALSE,FALSE,TRUE,FALSE,FALSE,FALSE,FALSE,FALSE,FALSE,FALSE,FALSE,FALSE,TRUE
101,Waluigi (Bus Driver),High-End,Triple Bananas,2019-12-04,London Tour,FALSE,FALSE,"3DS Neo Bowser City, 3DS Neo Bowser City T, 3DS Shy Guy Bazaar R/T, Berlin Byways 2R/T, DS Luigi's Mansion T, DS Waluigi Pinball R, DS Waluigi Pinball T, GBA Bowser's Castle 2R, GCN Yoshi Circuit R, London Loop 2T, London Loop R, New York Minute 3, New York Minute 3R, Paris Promenade, SNES Ghost Valley 1R/T","3DS Mario Circuit T, SNES Mario Circuit 1R/T","DS Luigi's Mansion, N64 Kalimari Desert R",,FALSE,FALSE,FALSE,FALSE,FALSE,TRUE,TRUE,FALSE,FALSE,FALSE,FALSE,TRUE,FALSE,FALSE,FALSE,FALSE,TRUE
102,Gold Koopa (Freerunning),High-End,Coin Box,2020-01-01,New Year's Tour,FALSE,FALSE,"3DS Mario Circuit T, 3DS Neo Bowser City R, 3DS Rainbow Road R/T, GCN Dino Dino Jungle R, N64 Koopa Troopa Beach, N64 Koopa Troopa Beach R, N64 Koopa Troopa Beach R/T, Paris Promenade R, Paris Promenade R/T, RMX Choco Island 2R, SNES Choco Island 1R, SNES Donut Plains 1T, SNES Mario Circuit 1R/T, SNES Mario Circuit 2R/T, Tokyo Blur 2R/T, Tokyo Blur 2T","3DS Toad Circuit R/T, N64 Koopa Troopa Beach T","3DS Cheep Cheep Lagoon T, GCN Dino Dino Jungle",,FALSE,FALSE,FALSE,FALSE,FALSE,FALSE,TRUE,FALSE,FALSE,FALSE,FALSE,FALSE,FALSE,TRUE,FALSE,FALSE,FALSE
103,Wario (Hiker),High-End,Bob-omb Cannon,2020-02-12,Vancouver Tour,FALSE,FALSE,"3DS Rock Rock Mountain, DS DK Pass R, DS DK Pass R/T, DS DK Pass T, DS Luigi's Mansion, DS Luigi's Mansion R, GCN Dino Dino Jungle T, N64 Choco Mountain, N64 Kalimari Desert R, Paris Promenade T, SNES Vanilla Lake 1R, Vancouver Velocity R, Wii DK Summit T","GBA Bowser's Castle 1, SNES Vanilla Lake 1","DS DK Pass, RMX Mario Circuit 1R",,FALSE,FALSE,FALSE,FALSE,FALSE,TRUE,TRUE,FALSE,FALSE,FALSE,FALSE,TRUE,FALSE,FALSE,FALSE,FALSE,FALSE
104,Dry Bones (Gold),High-End,Coin Box,2020-04-29,Trick Tour (2020),FALSE,FALSE,"3DS Neo Bowser City R/T, 3DS Rainbow Road R/T, GBA Bowser's Castle 1, GBA Bowser's Castle 1R, GBA Bowser's Castle 1R/T, GBA Bowser's Castle 2, GBA Bowser's Castle 2R/T, GBA Bowser's Castle 2T, N64 Kalimari Desert 2, New York Minute 3, RMX Rainbow Road 1R, SNES Choco Island 1, SNES Ghost Valley 1R/T, SNES Koopa Troopa Beach 2, SNES Rainbow Road R, SNES Vanilla Lake 1R/T, Vancouver Velocity","GBA Bowser's Castle 2R, SNES Rainbow Road","N64 Kalimari Desert 2R, SNES Ghost Valley 1",,FALSE,FALSE,FALSE,FALSE,FALSE,TRUE,FALSE,FALSE,FALSE,FALSE,FALSE,FALSE,FALSE,TRUE,FALSE,FALSE,FALSE
105,Funky Kong,High-End,Banana Barrels,2020-05-20,Jungle Tour,FALSE,FALSE,"3DS Cheep Cheep Lagoon R, 3DS Cheep Cheep Lagoon T, 3DS Neo Bowser City, 3DS Neo Bowser City T, 3DS Rock Rock Mountain R, 3DS Rock Rock Mountain T, DS DK Pass, GCN Dino Dino Jungle, GCN Dino Dino Jungle R/T, Los Angeles Laps R/T, N64 Choco Mountain R, New York Minute 3R, Paris Promenade 2R, Paris Promenade 2T, RMX Choco Island 2R, SNES Vanilla Lake 1T, Tokyo Blur 4T","DS Waluigi Pinball R/T, GBA Bowser's Castle 2T","3DS Cheep Cheep Lagoon, N64 Royal Raceway T",,FALSE,FALSE,FALSE,FALSE,FALSE,FALSE,FALSE,FALSE,FALSE,TRUE,FALSE,FALSE,FALSE,FALSE,FALSE,FALSE,FALSE
106,Dixie Kong,High-End,Triple Bananas,2020-05-20,Jungle Tour,FALSE,FALSE,"3DS Cheep Cheep Lagoon, 3DS Cheep Cheep Lagoon R, 3DS Daisy Hills, 3DS Daisy Hills R, 3DS Daisy Hills T, London Loop, N64 Kalimari Desert 2R, N64 Royal Raceway R, RMX Choco Island 1R, RMX Choco Island 1T, SNES Donut Plains 1, SNES Donut Plains 1T, SNES Vanilla Lake 1, Wii Maple Treeway","N64 Royal Raceway, SNES Choco Island 2R/T","N64 Kalimari Desert 2, RMX Choco Island 1",,FALSE,FALSE,FALSE,TRUE,FALSE,FALSE,TRUE,FALSE,FALSE,TRUE,FALSE,FALSE,FALSE,FALSE,FALSE,FALSE,FALSE
107,Dry Bowser (Gold),High-End,Bob-omb Cannon,2020-06-07,Cooking Tour,FALSE,FALSE,"3DS Neo Bowser City, 3DS Neo Bowser City T, 3DS Rainbow Road R, 3DS Rainbow Road T, 3DS Rock Rock Mountain R, 3DS Rosalina's Ice World T, DS Airship Fortress, DS Airship Fortress R, DS Luigi's Mansion T, DS Waluigi Pinball R, DS Waluigi Pinball T, GBA Bowser's Castle 2R/T, GCN Dino Dino Jungle, GCN Dino Dino Jungle T, N64 Kalimari Desert R, RMX Rainbow Road 1R, SNES Choco Island 1T, Vancouver Velocity R","DS Waluigi Pinball, N64 Kalimari Desert T","3DS Neo Bowser City R, RMX Rainbow Road 1",,FALSE,FALSE,FALSE,FALSE,FALSE,FALSE,FALSE,FALSE,TRUE,FALSE,FALSE,FALSE,FALSE,TRUE,FALSE,FALSE,FALSE
108,Wario (Cowboy),High-End,Fire Flower,2020-07-29,Wild West Tour,FALSE,FALSE,"3DS Neo Bowser City R, DS Airship Fortress T, DS Luigi's Mansion R/T, Merry Mountain T, N64 Kalimari Desert 2, N64 Kalimari Desert 2T, RMX Choco Island 2, SNES Donut Plains 1, SNES Donut Plains 1R, SNES Donut Plains 1R/T, Tokyo Blur 3T, Tokyo Blur T","DS Luigi's Mansion T, GCN Dino Dino Jungle","DS Airship Fortress R, N64 Kalimari Desert 2R",,FALSE,FALSE,FALSE,FALSE,FALSE,TRUE,TRUE,FALSE,FALSE,FALSE,FALSE,TRUE,FALSE,FALSE,FALSE,FALSE,FALSE
109,Nabbit,High-End,Wild West Tour,2020-07-29,Wild West Tour,FALSE,FALSE,"3DS Rosalina's Ice World, 3DS Rosalina's Ice World R, 3DS Toad Circuit, DS Waluigi Pinball R/T, Los Angeles Laps R/T, N64 Choco Mountain T, N64 Frappe Snowland, N64 Frappe Snowland R/T, N64 Kalimari Desert 2R, N64 Kalimari Desert 2T, RMX Choco Island 1, SNES Choco Island 1, SNES Choco Island 1T, SNES Choco Island 2, SNES Choco Island 2R, SNES Mario Circuit 1, Tokyo Blur 2, Tokyo Blur 2R, Tokyo Blur 4, Wii DK Summit T","3DS Toad Circuit T, DS Luigi's Mansion T","DS Airship Fortress T, N64 Choco Mountain",,FALSE,FALSE,FALSE,FALSE,FALSE,TRUE,FALSE,FALSE,FALSE,FALSE,FALSE,FALSE,FALSE,FALSE,FALSE,FALSE,FALSE
110,Bowser Jr. (Pirate),High-End,Bob-omb Cannon,2020-08-12,Pirate Tour,FALSE,FALSE,"3DS Cheep Cheep Lagoon R/T, 3DS Neo Bowser City T, DS Airship Fortress, DS Airship Fortress R, GBA Bowser's Castle 1R/T, GBA Bowser's Castle 2T, Los Angeles Laps R/T, N64 Kalimari Desert 2, Paris Promenade 2, RMX Rainbow Road 1T, SNES Ghost Valley 1R/T, SNES Vanilla Lake 1R, SNES Vanilla Lake 1T, Tokyo Blur, Tokyo Blur R","3DS Neo Bowser City, SNES Koopa Troopa Beach 2R","N64 Frappe Snowland T, RMX Rainbow Road 1",,FALSE,FALSE,FALSE,FALSE,FALSE,FALSE,TRUE,FALSE,TRUE,FALSE,FALSE,FALSE,FALSE,TRUE,FALSE,FALSE,FALSE
111,King Bob-omb,High-End,Pirate Tour,2020-08-12,Pirate Tour,FALSE,FALSE,"3DS Rosalina's Ice World, 3DS Toad Circuit, Berlin Byways 2, Berlin Byways 2R/T, DS Airship Fortress R, DS Airship Fortress T, DS DK Pass, DS DK Pass T, DS Luigi's Mansion R, DS Waluigi Pinball R/T, GBA Bowser's Castle 1T, GBA Bowser's Castle 2, GBA Bowser's Castle 2T, GBA Sunset Wilds, N64 Choco Mountain, SNES Donut Plains 2, SNES Koopa Troopa Beach 2T, Wii DK Summit","3DS Toad Circuit T, SNES Ghost Valley 1R","N64 Choco Mountain R, RMX Choco Island 1R",,FALSE,TRUE,FALSE,FALSE,FALSE,TRUE,FALSE,FALSE,FALSE,FALSE,FALSE,TRUE,FALSE,FALSE,FALSE,FALSE,FALSE
112,Donkey Kong Jr. (SNES),High-End,Triple Bananas,2020-09-09,Super Mario Kart Tour,FALSE,FALSE,"Berlin Byways 2R/T, DS Waluigi Pinball, DS Waluigi Pinball T, GBA Bowser's Castle 1T, Los Angeles Laps R, Los Angeles Laps T, N64 Choco Mountain, N64 Choco Mountain R, N64 Frappe Snowland R/T, N64 Royal Raceway R, RMX Rainbow Road 1T, SNES Choco Island 1R, SNES Mario Circuit 3, Tokyo Blur R, Tokyo Blur T, Wii DK Summit, Wii DK Summit R","SNES Donut Plains 1, SNES Donut Plains 1R","DS Waluigi Pinball R, RMX Rainbow Road 1R",,FALSE,FALSE,FALSE,FALSE,FALSE,FALSE,FALSE,FALSE,FALSE,TRUE,FALSE,FALSE,FALSE,FALSE,FALSE,FALSE,FALSE
113,Shy Guy (Gold),High-End,Giga Bob-omb,2020-10-11,1st Anniversary Tour,FALSE,FALSE,"3DS Neo Bowser City R/T, 3DS Rainbow Road T, 3DS Rosalina's Ice World, 3DS Shy Guy Bazaar R, 3DS Shy Guy Bazaar T, Berlin Byways 2R, DS Airship Fortress, DS Airship Fortress T, GBA Bowser's Castle 1R/T, GBA Sunset Wilds, SNES Rainbow Road R/T, Tokyo Blur R, Tokyo Blur T, Vancouver Velocity R, Wii DK Summit T, Wii Maple Treeway R, Wii Maple Treeway T","3DS Rainbow Road R, RMX Choco Island 1R","3DS Shy Guy Bazaar, Wii Maple Treeway",,FALSE,FALSE,FALSE,FALSE,FALSE,FALSE,FALSE,FALSE,FALSE,FALSE,FALSE,FALSE,FALSE,FALSE,FALSE,FALSE,FALSE
114,King Boo (Gold),High-End,Coin Box,2020-10-21,Halloween Tour (2020),FALSE,FALSE,"3DS Rainbow Road, DS Luigi's Mansion, Merry Mountain R, N64 Kalimari Desert 2R, N64 Kalimari Desert 2T, RMX Choco Island 1, SNES Choco Island 2, SNES Ghost Valley 1T, SNES Koopa Troopa Beach 2R, SNES Rainbow Road R/T, SNES Vanilla Lake 1T, Tokyo Blur 4R, Wii Maple Treeway R","DS Airship Fortress, DS Airship Fortress R","SNES Rainbow Road T, Wii Maple Treeway",,FALSE,TRUE,FALSE,FALSE,TRUE,FALSE,FALSE,FALSE,FALSE,FALSE,FALSE,FALSE,FALSE,FALSE,FALSE,FALSE,FALSE
115,Bowser (Santa),High-End,Coin Box,2020-12-02,Winter Tour (2020),FALSE,FALSE,"3DS Shy Guy Bazaar, DS Waluigi Pinball T, GBA Bowser's Castle 2R, Merry Mountain, N64 Frappe Snowland, N64 Royal Raceway, RMX Rainbow Road 1R/T, RMX Rainbow Road 2, SNES Ghost Valley 1R, SNES Vanilla Lake 1, SNES Vanilla Lake 1R, Wii Maple Treeway, Wii Maple Treeway T","3DS Rainbow Road T, GCN Dino Dino Jungle R/T","3DS Shy Guy Bazaar R/T, Merry Mountain R",,FALSE,FALSE,FALSE,FALSE,FALSE,FALSE,TRUE,FALSE,TRUE,FALSE,FALSE,TRUE,FALSE,TRUE,FALSE,FALSE,FALSE
116,Lakitu (Party Time),High-End,Lucky Seven,2020-12-30,New Year's 2021 Tour,FALSE,FALSE,"3DS Rainbow Road R, 3DS Rosalina's Ice World, Berlin Byways 2R, DS Waluigi Pinball, DS Waluigi Pinball R, GBA Bowser's Castle 2T, GCN Yoshi Circuit T, Merry Mountain T, N64 Kalimari Desert T, Paris Promenade 2R, Paris Promenade 2T, RMX Choco Island 2T, RMX Rainbow Road 1R, RMX Rainbow Road 2, SNES Donut Plains 2T, SNES Mario Circuit 3R, SNES Mario Circuit 3T, Tokyo Blur 4R","RMX Rainbow Road 1T, RMX Rainbow Road 2R","3DS Rosalina's Ice World R, N64 Kalimari Desert",,FALSE,FALSE,FALSE,FALSE,FALSE,TRUE,TRUE,FALSE,FALSE,FALSE,FALSE,FALSE,TRUE,TRUE,FALSE,TRUE,FALSE
117,Birdo (Black),High-End,Bob-omb Cannon,2021-03-24,Yoshi Tour (2021),FALSE,FALSE,"DS Airship Fortress R, GBA Sunset Wilds T, SNES Donut Plains 2R/T, Tokyo Blur 4R, Tokyo Blur 4T","DS Waluigi Pinball R, GBA Sunset Wilds R","DS Airship Fortress, GCN Yoshi Circuit",,FALSE,FALSE,FALSE,FALSE,FALSE,FALSE,FALSE,FALSE,FALSE,FALSE,FALSE,FALSE,TRUE,FALSE,FALSE,FALSE,FALSE
118,Shy Guy Ninja,High-End,Boomerang Flower,2021-04-07,Ninja Tour,FALSE,FALSE,"Ninja Hideaway, Ninja Hideaway R, RMX Choco Island 2T, SNES Donut Plains 2T, 3DS Neo Bowser City T, Syndey Sprint R/T, DS Luigi's Mansion, Wii DK Summit T, Wii DK Summit R, GBA Bowser's Castle 2, DS Airship Fortress R, 3DS Shy Guy Bazaar R/T, SNES Ghost Valley 1R/T","3DS Neo Bowser City R, N64 Choco Mountain R","Ninja Hideaway T, RMX Choco Island 2T",,FALSE,FALSE,FALSE,FALSE,FALSE,FALSE,FALSE,FALSE,FALSE,FALSE,FALSE,FALSE,FALSE,FALSE,FALSE,FALSE,FALSE
119,King Bob-omb (Gold),High-End,Coin Box,2021-04-11,Ninja Tour,FALSE,FALSE,"Ninja Hideaway T, SNES Koopa Troopa Beach 2, N64 Choco Mountain T, SNES Donut Plains 2, RMX Rainbow Road 2R, SNES Choco Island 2R/T, RMX Choco Island 2, RMX Choco Island 2R, Sydney Sprint T, N64 Kalimari Desert 2T, N64 Kalimari Desert 2R, DS Airship Fortress, DS Airship Fortress T, GBA Bowser's Castle 2R/T, SNES Vanilla Lake 1R/T, DS Airship Fortress R/T","DS Waluigi Pinball T, SNES Donut Plains 2R","Ninja Hideaway, RMX Rainbow Road 2T",,FALSE,TRUE,FALSE,FALSE,FALSE,TRUE,FALSE,FALSE,FALSE,FALSE,FALSE,TRUE,FALSE,FALSE,FALSE,FALSE,FALSE